vessel,begin_date,end_date,begin_port_id,end_port_id
1,2019-01-01 01:53:00,2019-01-01 01:53:00,10,138
1,2019-01-01 01:53:00,2019-01-16 22:59:00,138,102
1,2019-01-16 22:59:00,2019-02-13 16:43:00,102,138
1,2019-02-13 16:43:00,2019-08-12 23:43:51,138,72
1,2019-08-12 23:43:51,2019-09-15 16:32:13,72,138
1,2019-09-15 16:32:13,2019-09-30 02:41:36,138,95
1,2019-09-30 02:41:36,2019-10-16 07:29:30,95,138
1,2019-10-16 07:29:30,2019-11-01 04:30:14,138,27
1,2019-11-01 04:30:14,2019-11-17 05:30:44,27,138
1,2019-11-17 05:30:44,2019-12-02 02:32:17,138,95
10,2019-02-04 16:54:00,2019-02-15 10:46:00,10,140
10,2019-02-15 10:46:00,2019-03-02 12:22:00,140,55
10,2019-03-02 12:22:00,2019-04-15 19:16:48,55,70
10,2019-04-15 19:16:48,2019-06-21 20:44:48,70,10
10,2019-06-21 20:44:48,2019-07-08 01:10:52,10,95
10,2019-07-08 01:10:52,2019-07-24 18:59:37,95,138
10,2019-07-24 18:59:37,2019-09-04 05:47:10,138,10
10,2019-09-04 05:47:10,2019-09-15 04:59:41,10,87
10,2019-09-15 04:59:41,2019-10-02 01:30:12,87,57
10,2019-10-02 01:30:12,2019-11-09 17:27:32,57,165
10,2019-11-09 17:27:32,2019-11-24 03:52:22,165,20
10,2019-11-24 03:52:22,2019-12-13 21:46:03,20,91
100,2019-04-10 01:17:52,2019-04-23 01:20:23,99,39
100,2019-04-23 01:20:23,2019-05-05 13:25:08,39,73
100,2019-05-05 13:25:08,2019-05-15 23:31:35,73,11
100,2019-05-15 23:31:35,2019-06-22 04:31:37,11,100
100,2019-06-22 04:31:37,2019-08-18 20:47:12,100,39
100,2019-08-18 20:47:12,2019-11-13 22:51:11,39,99
100,2019-11-13 22:51:11,2019-11-28 21:48:17,99,39
101,2019-01-06 07:23:00,2019-03-08 01:59:00,32,51
101,2019-03-08 01:59:00,2019-03-20 20:59:00,51,156
101,2019-03-20 20:59:00,2019-04-02 21:01:03,156,14
101,2019-04-02 21:01:03,2019-04-15 15:41:49,14,156
101,2019-04-15 15:41:49,2019-04-28 18:53:54,156,14
101,2019-04-28 18:53:54,2019-05-09 16:18:17,14,156
101,2019-05-09 16:18:17,2019-05-22 20:49:52,156,14
101,2019-05-22 20:49:52,2019-06-05 16:15:26,14,156
101,2019-06-05 16:15:26,2019-06-17 23:46:19,156,14
101,2019-06-17 23:46:19,2019-07-03 16:31:42,14,156
101,2019-07-03 16:31:42,2019-07-31 10:27:29,156,73
101,2019-07-31 10:27:29,2019-09-20 16:29:35,73,156
101,2019-09-20 16:29:35,2019-10-05 23:51:19,156,14
101,2019-10-05 23:51:19,2019-10-29 07:31:07,14,99
101,2019-10-29 07:31:07,2019-11-12 21:55:26,99,154
101,2019-11-12 21:55:26,2019-12-03 05:31:07,154,99
101,2019-12-03 05:31:07,2019-12-19 21:55:12,99,51
102,2019-01-20 21:18:00,2019-01-31 01:51:00,156,30
102,2019-01-31 01:51:00,2019-03-27 06:57:00,30,32
102,2019-03-27 06:57:00,2019-04-19 18:54:47,32,73
102,2019-04-19 18:54:47,2019-05-06 01:30:59,73,7
102,2019-05-06 01:30:59,2019-05-15 06:52:24,7,32
102,2019-05-15 06:52:24,2019-06-13 05:57:42,32,73
102,2019-06-13 05:57:42,2019-06-30 20:09:00,73,7
102,2019-06-30 20:09:00,2019-07-15 04:21:02,7,73
102,2019-07-15 04:21:02,2019-08-07 00:36:44,73,32
102,2019-08-07 00:36:44,2019-09-03 04:22:14,32,73
102,2019-09-03 04:22:14,2019-09-16 19:55:58,73,7
102,2019-09-16 19:55:58,2019-09-30 04:31:44,7,73
102,2019-09-30 04:31:44,2019-10-21 16:31:12,73,32
102,2019-10-21 16:31:12,2019-11-18 08:08:22,32,73
103,2019-03-19 03:51:00,2019-04-21 18:59:02,65,100
103,2019-04-21 18:59:02,2019-05-03 20:44:43,100,30
103,2019-05-03 20:44:43,2019-05-19 04:27:34,30,73
103,2019-05-19 04:27:34,2019-07-03 16:33:08,73,100
103,2019-07-03 16:33:08,2019-08-16 20:49:19,100,51
103,2019-08-16 20:49:19,2019-09-25 11:43:15,51,175
103,2019-09-25 11:43:15,2019-10-27 23:48:40,175,30
103,2019-10-27 23:48:40,2019-12-01 21:49:36,30,175
104,2019-01-11 04:28:00,2019-01-24 04:48:00,30,73
104,2019-01-24 04:48:00,2019-02-06 01:51:00,73,51
104,2019-02-06 01:51:00,2019-02-25 01:22:00,51,73
104,2019-02-25 01:22:00,2019-03-09 04:57:00,73,30
104,2019-03-09 04:57:00,2019-03-20 15:51:00,30,73
104,2019-03-20 15:51:00,2019-04-05 22:15:15,73,30
104,2019-04-05 22:15:15,2019-05-11 21:19:02,30,73
104,2019-05-11 21:19:02,2019-05-24 20:49:30,73,51
104,2019-05-24 20:49:30,2019-06-07 07:09:22,51,73
104,2019-06-07 07:09:22,2019-06-24 01:32:01,73,22
104,2019-06-24 01:32:01,2019-07-07 05:28:25,22,73
104,2019-07-07 05:28:25,2019-07-24 23:53:56,73,22
104,2019-07-24 23:53:56,2019-08-06 05:17:41,22,73
104,2019-08-06 05:17:41,2019-08-18 20:52:49,73,22
104,2019-08-18 20:52:49,2019-08-30 05:10:48,22,73
104,2019-08-30 05:10:48,2019-09-13 20:50:11,73,51
104,2019-09-13 20:50:11,2019-09-27 04:32:10,51,73
104,2019-09-27 04:32:10,2019-10-07 20:47:21,73,22
104,2019-10-07 20:47:21,2019-10-20 18:58:03,22,73
104,2019-10-20 18:58:03,2019-11-26 21:46:36,73,22
104,2019-11-26 21:46:36,2019-12-10 21:46:19,22,73
104,2019-12-10 21:46:19,2019-12-22 21:51:43,73,51
105,2019-01-04 07:53:00,2019-01-14 01:44:00,32,34
105,2019-01-14 01:44:00,2019-02-03 01:33:00,34,73
105,2019-02-03 01:33:00,2019-02-19 01:05:00,73,51
105,2019-02-19 01:05:00,2019-03-05 01:18:00,51,73
105,2019-03-05 01:18:00,2019-03-21 09:52:00,73,7
105,2019-03-21 09:52:00,2019-03-30 04:22:44,7,73
105,2019-03-30 04:22:44,2019-05-12 18:59:59,73,7
105,2019-05-12 18:59:59,2019-05-22 23:49:33,7,99
105,2019-05-22 23:49:33,2019-06-04 20:55:20,99,22
105,2019-06-04 20:55:20,2019-06-17 05:52:34,22,32
105,2019-06-17 05:52:34,2019-11-02 18:58:41,32,73
105,2019-11-02 18:58:41,2019-11-14 00:41:11,73,30
105,2019-11-14 00:41:11,2019-11-26 21:33:40,30,73
105,2019-11-26 21:33:40,2019-12-07 21:44:38,73,22
105,2019-12-07 21:44:38,2019-12-18 21:51:35,22,99
106,2019-01-06 21:10:00,2019-01-19 04:11:00,156,51
106,2019-01-19 04:11:00,2019-02-13 01:42:00,51,100
106,2019-02-13 01:42:00,2019-03-05 04:38:00,100,30
106,2019-03-05 04:38:00,2019-04-02 19:22:42,30,32
106,2019-04-02 19:22:42,2019-04-17 01:26:01,32,30
106,2019-04-17 01:26:01,2019-04-29 10:08:39,30,32
106,2019-04-29 10:08:39,2019-05-27 20:05:27,32,73
106,2019-05-27 20:05:27,2019-06-27 10:10:51,73,32
106,2019-06-27 10:10:51,2019-07-26 23:51:34,32,100
106,2019-07-26 23:51:34,2019-08-07 20:51:26,100,51
106,2019-08-07 20:51:26,2019-08-29 23:45:40,51,100
106,2019-08-29 23:45:40,2019-09-19 20:22:21,100,32
106,2019-09-19 20:22:21,2019-09-30 20:55:08,32,51
106,2019-09-30 20:55:08,2019-10-20 20:51:27,51,90
106,2019-10-20 20:51:27,2019-10-31 20:47:03,90,51
106,2019-10-31 20:47:03,2019-11-10 21:54:13,51,100
106,2019-11-10 21:54:13,2019-11-24 00:48:45,100,30
106,2019-11-24 00:48:45,2019-12-07 03:52:31,30,32
107,2019-08-19 23:31:36,2019-10-28 20:46:30,72,51
107,2019-10-28 20:46:30,2019-12-01 21:49:30,51,73
107,2019-12-01 21:49:30,2019-12-11 23:21:49,73,72
108,2019-01-03 04:51:00,2019-03-18 09:56:00,99,30
108,2019-03-18 09:56:00,2019-04-01 22:16:21,30,73
108,2019-04-01 22:16:21,2019-07-03 20:43:54,73,48
108,2019-07-03 20:43:54,2019-07-16 08:35:06,48,73
108,2019-07-16 08:35:06,2019-07-26 20:31:37,73,70
108,2019-07-26 20:31:37,2019-08-11 07:08:56,70,32
108,2019-08-11 07:08:56,2019-10-28 07:31:37,32,73
108,2019-10-28 07:31:37,2019-11-07 21:55:18,73,51
108,2019-11-07 21:55:18,2019-11-20 21:55:44,51,73
108,2019-11-20 21:55:44,2019-12-09 21:44:16,73,22
108,2019-12-09 21:44:16,2019-12-22 21:51:36,22,73
109,2019-01-23 01:57:00,2019-02-05 01:44:00,65,73
109,2019-02-05 01:44:00,2019-02-17 04:47:00,73,51
109,2019-02-17 04:47:00,2019-03-28 05:22:00,51,73
109,2019-03-28 05:22:00,2019-04-09 01:13:03,73,30
109,2019-04-09 01:13:03,2019-05-02 23:46:10,30,65
109,2019-05-02 23:46:10,2019-06-24 21:37:52,65,73
109,2019-06-24 21:37:52,2019-07-08 02:54:32,73,65
109,2019-07-08 02:54:32,2019-07-23 23:51:44,65,73
109,2019-07-23 23:51:44,2019-08-05 23:53:29,73,51
109,2019-08-05 23:53:29,2019-08-18 23:53:00,51,73
109,2019-08-18 23:53:00,2019-09-01 01:30:35,73,65
109,2019-09-01 01:30:35,2019-09-13 04:02:11,65,73
109,2019-09-13 04:02:11,2019-09-27 23:49:02,73,30
109,2019-09-27 23:49:02,2019-10-10 04:30:23,30,73
109,2019-10-10 04:30:23,2019-10-22 01:30:27,73,22
109,2019-10-22 01:30:27,2019-11-10 00:57:16,22,73
109,2019-11-10 00:57:16,2019-12-01 00:52:03,73,51
109,2019-12-01 00:52:03,2019-12-16 21:52:52,51,73
11,2019-02-14 10:26:00,2019-06-12 02:51:19,138,91
11,2019-06-12 02:51:19,2019-06-28 08:11:46,91,83
11,2019-06-28 08:11:46,2019-07-06 14:51:10,83,138
11,2019-07-06 14:51:10,2019-07-12 08:14:36,138,83
11,2019-07-12 08:14:36,2019-07-17 04:30:53,83,138
11,2019-07-17 04:30:53,2019-09-16 07:42:46,138,55
11,2019-09-16 07:42:46,2019-10-13 23:51:44,55,20
11,2019-10-13 23:51:44,2019-10-27 08:47:55,20,138
110,2019-01-06 01:40:00,2019-02-27 04:56:00,73,30
110,2019-02-27 04:56:00,2019-03-12 09:56:00,30,99
110,2019-03-12 09:56:00,2019-04-16 10:21:54,99,32
110,2019-04-16 10:21:54,2019-04-28 03:55:48,32,70
110,2019-04-28 03:55:48,2019-05-23 06:30:34,70,73
110,2019-05-23 06:30:34,2019-07-07 23:50:56,73,22
110,2019-07-07 23:50:56,2019-07-17 21:37:45,22,32
110,2019-07-17 21:37:45,2019-07-28 02:32:48,32,29
110,2019-07-28 02:32:48,2019-08-16 14:27:30,29,32
110,2019-08-16 14:27:30,2019-09-11 16:21:20,32,73
110,2019-09-11 16:21:20,2019-09-24 01:29:36,73,51
110,2019-09-24 01:29:36,2019-10-05 15:28:20,51,156
110,2019-10-05 15:28:20,2019-10-16 02:55:47,156,14
110,2019-10-16 02:55:47,2019-10-25 20:54:44,14,32
110,2019-10-25 20:54:44,2019-11-29 02:31:33,32,73
111,2019-02-02 01:59:00,2019-02-15 09:13:00,48,73
111,2019-02-15 09:13:00,2019-03-31 22:21:06,73,48
111,2019-03-31 22:21:06,2019-04-21 18:01:32,48,32
111,2019-04-21 18:01:32,2019-05-07 20:49:53,32,11
111,2019-05-07 20:49:53,2019-05-19 08:35:03,11,32
111,2019-05-19 08:35:03,2019-06-02 20:46:19,32,139
111,2019-06-02 20:46:19,2019-06-15 17:51:38,139,73
111,2019-06-15 17:51:38,2019-06-26 20:47:48,73,51
111,2019-06-26 20:47:48,2019-07-10 04:44:49,51,73
111,2019-07-10 04:44:49,2019-10-15 20:50:39,73,22
111,2019-10-15 20:50:39,2019-11-07 21:56:37,22,73
111,2019-11-07 21:56:37,2019-11-15 20:28:26,73,7
111,2019-11-15 20:28:26,2019-12-01 06:51:18,7,32
112,2019-01-22 21:33:00,2019-02-26 01:45:00,73,99
112,2019-02-26 01:45:00,2019-04-01 22:24:17,99,126
112,2019-04-01 22:24:17,2019-04-14 01:26:46,126,99
112,2019-04-14 01:26:46,2019-04-24 22:11:02,99,154
112,2019-04-24 22:11:02,2019-05-13 01:02:32,154,99
112,2019-05-13 01:02:32,2019-06-03 20:43:30,99,92
112,2019-06-03 20:43:30,2019-06-22 18:55:08,92,99
112,2019-06-22 18:55:08,2019-07-06 18:59:56,99,7
112,2019-07-06 18:59:56,2019-09-25 16:32:37,7,156
112,2019-09-25 16:32:37,2019-10-08 20:55:00,156,30
112,2019-10-08 20:55:00,2019-10-21 08:53:06,30,99
112,2019-10-21 08:53:06,2019-11-02 18:58:58,99,48
112,2019-11-02 18:58:58,2019-11-21 00:56:08,48,99
113,2019-01-11 06:36:00,2019-03-15 03:00:00,32,30
113,2019-03-15 03:00:00,2019-05-21 10:19:26,30,32
113,2019-05-21 10:19:26,2019-07-02 21:51:41,32,99
113,2019-07-02 21:51:41,2019-08-10 00:54:45,99,32
113,2019-08-10 00:54:45,2019-09-07 23:54:13,32,100
113,2019-09-07 23:54:13,2019-10-16 20:48:55,100,99
113,2019-10-16 20:48:55,2019-10-27 20:54:38,99,32
113,2019-10-27 20:54:38,2019-11-24 21:45:25,32,99
114,2019-01-21 10:55:00,2019-01-29 04:57:00,169,108
114,2019-01-29 04:57:00,2019-02-02 09:28:00,108,169
114,2019-02-02 09:28:00,2019-02-06 15:49:00,169,39
114,2019-02-06 15:49:00,2019-02-14 06:34:00,39,169
114,2019-02-14 06:34:00,2019-02-18 01:50:00,169,65
114,2019-02-18 01:50:00,2019-02-27 05:31:00,65,169
114,2019-02-27 05:31:00,2019-04-15 07:14:08,169,99
114,2019-04-15 07:14:08,2019-05-12 16:22:53,99,32
114,2019-05-12 16:22:53,2019-08-10 20:54:45,32,39
114,2019-08-10 20:54:45,2019-08-29 04:20:12,39,32
114,2019-08-29 04:20:12,2019-09-13 04:53:44,32,149
114,2019-09-13 04:53:44,2019-09-26 09:12:32,149,32
114,2019-09-26 09:12:32,2019-10-10 19:59:01,32,7
114,2019-10-10 19:59:01,2019-10-27 01:30:03,7,99
114,2019-10-27 01:30:03,2019-11-19 06:45:27,99,32
116,2019-04-03 22:13:58,2019-04-15 04:24:54,70,32
116,2019-04-15 04:24:54,2019-09-08 20:51:38,32,70
116,2019-09-08 20:51:38,2019-09-25 02:56:38,70,32
116,2019-09-25 02:56:38,2019-10-14 01:28:16,32,70
116,2019-10-14 01:28:16,2019-11-04 02:30:35,70,32
117,2019-02-25 01:01:00,2019-05-16 20:43:29,7,100
117,2019-05-16 20:43:29,2019-07-25 12:39:56,100,32
117,2019-07-25 12:39:56,2019-08-07 01:31:13,32,139
117,2019-08-07 01:31:13,2019-09-12 17:58:07,139,32
117,2019-09-12 17:58:07,2019-09-21 23:04:48,32,154
117,2019-09-21 23:04:48,2019-10-01 02:39:02,154,32
118,2019-01-03 01:58:00,2019-01-18 12:22:00,22,32
118,2019-01-18 12:22:00,2019-02-28 10:48:00,32,70
118,2019-02-28 10:48:00,2019-03-12 03:54:00,70,32
118,2019-03-12 03:54:00,2019-03-25 03:58:00,32,22
118,2019-03-25 03:58:00,2019-04-06 18:58:24,22,100
118,2019-04-06 18:58:24,2019-04-17 22:19:39,100,30
118,2019-04-17 22:19:39,2019-04-28 17:48:42,30,100
118,2019-04-28 17:48:42,2019-05-13 20:50:15,100,30
118,2019-05-13 20:50:15,2019-06-19 17:42:26,30,100
118,2019-06-19 17:42:26,2019-07-02 20:50:11,100,22
118,2019-07-02 20:50:11,2019-07-12 13:30:56,22,100
118,2019-07-12 13:30:56,2019-07-26 23:52:04,100,51
118,2019-07-26 23:52:04,2019-09-21 17:55:17,51,100
118,2019-09-21 17:55:17,2019-10-24 23:48:45,100,22
118,2019-10-24 23:48:45,2019-11-05 17:32:55,22,100
119,2019-01-22 21:32:00,2019-02-02 01:59:00,156,14
119,2019-02-02 01:59:00,2019-05-08 01:26:33,14,32
119,2019-05-08 01:26:33,2019-05-20 23:52:57,32,70
119,2019-05-20 23:52:57,2019-06-07 16:30:59,70,156
119,2019-06-07 16:30:59,2019-06-17 20:43:32,156,30
119,2019-06-17 20:43:32,2019-07-06 15:38:40,30,156
119,2019-07-06 15:38:40,2019-07-19 20:48:22,156,7
119,2019-07-19 20:48:22,2019-07-31 18:57:52,7,156
119,2019-07-31 18:57:52,2019-09-09 20:05:30,156,7
119,2019-09-09 20:05:30,2019-09-22 16:28:44,7,156
119,2019-09-22 16:28:44,2019-12-04 20:10:07,156,7
119,2019-12-04 20:10:07,2019-12-16 21:52:33,7,156
12,2019-01-05 01:55:00,2019-01-20 04:58:00,65,104
12,2019-01-20 04:58:00,2019-02-02 01:54:00,104,65
12,2019-02-02 01:54:00,2019-02-18 04:50:00,65,104
12,2019-02-18 04:50:00,2019-03-02 03:33:00,104,65
12,2019-03-02 03:33:00,2019-03-13 21:44:00,65,104
12,2019-03-13 21:44:00,2019-03-28 06:52:00,104,65
12,2019-03-28 06:52:00,2019-04-12 04:20:54,65,104
12,2019-04-12 04:20:54,2019-04-26 23:45:51,104,149
12,2019-04-26 23:45:51,2019-05-10 14:50:39,149,104
12,2019-05-10 14:50:39,2019-05-24 01:31:19,104,65
12,2019-05-24 01:31:19,2019-06-12 07:16:52,65,104
12,2019-06-12 07:16:52,2019-06-25 01:30:10,104,65
12,2019-06-25 01:30:10,2019-07-08 04:31:07,65,104
12,2019-07-08 04:31:07,2019-07-19 02:45:44,104,65
12,2019-07-19 02:45:44,2019-08-16 05:44:20,65,97
12,2019-08-16 05:44:20,2019-09-20 14:42:16,97,55
12,2019-09-20 14:42:16,2019-10-30 11:49:07,55,10
12,2019-10-30 11:49:07,2019-11-28 21:46:43,10,149
120,2019-01-12 20:57:00,2019-01-25 00:19:00,156,30
120,2019-01-25 00:19:00,2019-02-04 21:05:00,30,156
120,2019-02-04 21:05:00,2019-02-18 04:51:00,156,149
120,2019-02-18 04:51:00,2019-03-12 21:08:00,149,156
120,2019-03-12 21:08:00,2019-03-27 00:59:00,156,14
120,2019-03-27 00:59:00,2019-04-09 16:20:52,14,156
120,2019-04-09 16:20:52,2019-04-18 18:59:05,156,7
120,2019-04-18 18:59:05,2019-04-30 16:20:09,7,156
120,2019-04-30 16:20:09,2019-05-12 01:20:25,156,14
120,2019-05-12 01:20:25,2019-05-27 18:58:54,14,156
120,2019-05-27 18:58:54,2019-06-07 20:13:44,156,30
120,2019-06-07 20:13:44,2019-06-19 16:08:44,30,156
120,2019-06-19 16:08:44,2019-07-03 19:41:20,156,7
120,2019-07-03 19:41:20,2019-07-15 16:19:29,7,156
120,2019-07-15 16:19:29,2019-07-27 20:31:43,156,14
120,2019-07-27 20:31:43,2019-08-09 15:51:06,14,156
120,2019-08-09 15:51:06,2019-08-19 18:58:11,156,7
120,2019-08-19 18:58:11,2019-09-07 23:49:59,7,32
120,2019-09-07 23:49:59,2019-09-20 00:24:09,32,70
120,2019-09-20 00:24:09,2019-10-02 15:32:19,70,156
120,2019-10-02 15:32:19,2019-10-11 19:59:55,156,7
120,2019-10-11 19:59:55,2019-10-20 15:24:29,7,156
120,2019-10-20 15:24:29,2019-11-01 20:24:02,156,14
120,2019-11-01 20:24:02,2019-11-17 15:45:13,14,156
120,2019-11-17 15:45:13,2019-12-01 21:43:47,156,14
120,2019-12-01 21:43:47,2019-12-12 15:24:30,14,156
120,2019-12-12 15:24:30,2019-12-23 21:56:52,156,30
121,2019-01-10 04:55:00,2019-03-09 04:59:00,65,99
121,2019-03-09 04:59:00,2019-03-19 00:43:00,99,65
121,2019-03-19 00:43:00,2019-04-19 22:18:57,65,99
121,2019-04-19 22:18:57,2019-07-12 20:47:46,99,65
122,2019-01-10 04:51:00,2019-02-11 01:12:00,99,22
122,2019-02-11 01:12:00,2019-02-23 01:55:00,22,99
122,2019-02-23 01:55:00,2019-03-31 22:20:50,99,65
122,2019-03-31 22:20:50,2019-04-10 01:17:40,65,100
122,2019-04-10 01:17:40,2019-09-27 23:50:19,100,65
122,2019-09-27 23:50:19,2019-10-10 01:30:47,65,100
122,2019-10-10 01:30:47,2019-10-28 23:03:21,100,65
122,2019-10-28 23:03:21,2019-11-07 17:30:14,65,100
122,2019-11-07 17:30:14,2019-11-18 02:29:35,100,108
122,2019-11-18 02:29:35,2019-11-29 00:48:00,108,100
123,2019-01-11 07:47:00,2019-02-27 03:31:00,99,151
123,2019-02-27 03:31:00,2019-03-18 05:08:00,151,99
123,2019-03-18 05:08:00,2019-03-29 22:09:32,99,151
123,2019-03-29 22:09:32,2019-04-23 22:22:02,151,99
123,2019-04-23 22:22:02,2019-07-24 20:52:06,99,151
123,2019-07-24 20:52:06,2019-08-14 22:43:22,151,99
123,2019-08-14 22:43:22,2019-08-26 20:03:46,99,151
123,2019-08-26 20:03:46,2019-09-22 21:55:34,151,99
123,2019-09-22 21:55:34,2019-10-03 20:30:37,99,151
123,2019-10-03 20:30:37,2019-11-11 21:55:59,151,99
123,2019-11-11 21:55:59,2019-11-29 00:48:54,99,151
123,2019-11-29 00:48:54,2019-12-14 21:55:36,151,99
123,2019-12-14 21:55:36,2019-12-25 21:50:29,99,151
124,2019-01-21 01:43:00,2019-02-16 06:41:00,99,100
124,2019-02-16 06:41:00,2019-03-10 01:46:00,100,99
124,2019-03-10 01:46:00,2019-04-17 01:12:54,99,22
124,2019-04-17 01:12:54,2019-05-02 01:08:44,22,99
124,2019-05-02 01:08:44,2019-05-12 01:30:14,99,65
124,2019-05-12 01:30:14,2019-06-04 03:00:40,65,169
124,2019-06-04 03:00:40,2019-06-10 01:23:01,169,39
124,2019-06-10 01:23:01,2019-06-29 02:49:34,39,169
124,2019-06-29 02:49:34,2019-07-15 23:53:54,169,108
124,2019-07-15 23:53:54,2019-07-21 02:38:39,108,169
124,2019-07-21 02:38:39,2019-08-07 20:36:03,169,65
124,2019-08-07 20:36:03,2019-08-26 05:37:53,65,169
124,2019-08-26 05:37:53,2019-09-10 20:57:08,169,99
124,2019-09-10 20:57:08,2019-10-22 23:46:59,99,22
124,2019-10-22 23:46:59,2019-11-05 00:57:57,22,99
125,2019-06-08 21:14:20,2019-06-21 18:41:49,151,99
126,2019-01-14 04:11:00,2019-02-15 01:41:00,154,99
126,2019-02-15 01:41:00,2019-03-15 03:46:00,99,154
126,2019-03-15 03:46:00,2019-04-12 20:39:21,154,99
126,2019-04-12 20:39:21,2019-04-20 22:40:46,99,154
126,2019-04-20 22:40:46,2019-05-03 05:53:19,154,99
126,2019-05-03 05:53:19,2019-05-10 22:37:00,99,154
126,2019-05-10 22:37:00,2019-05-21 19:53:00,154,99
126,2019-05-21 19:53:00,2019-05-29 22:26:34,99,154
126,2019-05-29 22:26:34,2019-06-07 20:18:42,154,99
126,2019-06-07 20:18:42,2019-06-15 22:36:23,99,154
126,2019-06-15 22:36:23,2019-06-24 21:35:07,154,99
126,2019-06-24 21:35:07,2019-07-03 22:37:50,99,154
126,2019-07-03 22:37:50,2019-07-14 08:42:21,154,99
126,2019-07-14 08:42:21,2019-07-22 22:51:51,99,154
126,2019-07-22 22:51:51,2019-08-03 02:54:11,154,99
126,2019-08-03 02:54:11,2019-08-10 23:00:24,99,154
126,2019-08-10 23:00:24,2019-08-20 02:57:11,154,99
126,2019-08-20 02:57:11,2019-08-27 23:01:17,99,154
126,2019-08-27 23:01:17,2019-09-06 05:56:13,154,99
126,2019-09-06 05:56:13,2019-09-15 04:58:58,99,154
126,2019-09-15 04:58:58,2019-12-30 21:56:22,154,99
127,2019-01-07 04:04:00,2019-01-20 01:06:00,154,99
127,2019-01-20 01:06:00,2019-01-29 04:48:00,99,154
127,2019-01-29 04:48:00,2019-02-07 00:10:00,154,99
127,2019-02-07 00:10:00,2019-02-15 04:05:00,99,154
127,2019-02-15 04:05:00,2019-02-27 04:51:00,154,99
127,2019-02-27 04:51:00,2019-03-07 03:34:00,99,154
127,2019-03-07 03:34:00,2019-04-09 19:26:12,154,99
127,2019-04-09 19:26:12,2019-04-17 22:25:13,99,154
127,2019-04-17 22:25:13,2019-04-27 20:16:47,154,99
127,2019-04-27 20:16:47,2019-05-05 23:13:05,99,154
127,2019-05-05 23:13:05,2019-05-16 02:49:45,154,99
127,2019-05-16 02:49:45,2019-05-24 21:59:38,99,154
127,2019-05-24 21:59:38,2019-06-03 02:55:18,154,99
127,2019-06-03 02:55:18,2019-06-10 22:44:36,99,154
127,2019-06-10 22:44:36,2019-06-20 00:40:09,154,99
127,2019-06-20 00:40:09,2019-06-27 22:32:00,99,154
127,2019-06-27 22:32:00,2019-07-09 20:45:11,154,99
127,2019-07-09 20:45:11,2019-07-17 22:31:14,99,154
127,2019-07-17 22:31:14,2019-07-27 02:56:30,154,99
127,2019-07-27 02:56:30,2019-08-03 22:18:10,99,154
127,2019-08-03 22:18:10,2019-08-13 20:54:37,154,99
127,2019-08-13 20:54:37,2019-08-21 22:08:26,99,154
127,2019-08-21 22:08:26,2019-09-02 03:17:56,154,99
127,2019-09-02 03:17:56,2019-09-11 22:37:18,99,154
127,2019-09-11 22:37:18,2019-09-25 20:26:09,154,99
127,2019-09-25 20:26:09,2019-10-03 23:56:17,99,154
128,2019-01-12 04:59:00,2019-01-23 11:53:00,51,99
128,2019-01-23 11:53:00,2019-02-05 04:58:00,99,151
128,2019-02-05 04:58:00,2019-02-28 07:55:00,151,99
128,2019-02-28 07:55:00,2019-09-04 20:23:02,99,151
128,2019-09-04 20:23:02,2019-10-08 05:57:56,151,99
129,2019-01-15 01:57:00,2019-01-29 07:57:00,22,99
129,2019-01-29 07:57:00,2019-03-15 00:59:00,99,48
129,2019-03-15 00:59:00,2019-04-03 18:09:54,48,99
129,2019-04-03 18:09:54,2019-05-15 18:58:19,99,51
129,2019-05-15 18:58:19,2019-07-25 20:09:07,51,99
13,2019-01-24 15:01:00,2019-02-15 10:46:00,55,27
13,2019-02-15 10:46:00,2019-03-03 22:54:00,27,138
13,2019-03-03 22:54:00,2019-04-11 07:12:21,138,55
13,2019-04-11 07:12:21,2019-05-04 23:51:00,55,72
13,2019-05-04 23:51:00,2019-05-19 23:51:44,72,104
13,2019-05-19 23:51:44,2019-06-01 05:33:10,104,29
13,2019-06-01 05:33:10,2019-06-15 20:55:53,29,104
13,2019-06-15 20:55:53,2019-06-30 03:42:30,104,13
13,2019-06-30 03:42:30,2019-07-14 08:53:36,13,104
13,2019-07-14 08:53:36,2019-07-27 01:20:28,104,13
13,2019-07-27 01:20:28,2019-08-09 17:54:44,13,104
13,2019-08-09 17:54:44,2019-08-25 01:28:38,104,13
13,2019-08-25 01:28:38,2019-10-02 10:29:38,13,138
13,2019-10-02 10:29:38,2019-11-12 21:53:35,138,32
130,2019-01-16 21:53:00,2019-01-30 04:58:00,156,139
130,2019-01-30 04:58:00,2019-02-13 21:07:00,139,156
130,2019-02-13 21:07:00,2019-02-25 01:44:00,156,139
130,2019-02-25 01:44:00,2019-03-09 22:56:00,139,156
130,2019-03-09 22:56:00,2019-05-18 20:44:25,156,139
130,2019-05-18 20:44:25,2019-05-29 15:38:18,139,156
130,2019-05-29 15:38:18,2019-06-09 18:59:20,156,7
130,2019-06-09 18:59:20,2019-06-23 16:29:13,7,156
130,2019-06-23 16:29:13,2019-08-01 23:54:56,156,139
130,2019-08-01 23:54:56,2019-08-13 16:29:22,139,156
130,2019-08-13 16:29:22,2019-09-18 23:56:21,156,139
130,2019-09-18 23:56:21,2019-09-29 20:48:09,139,99
130,2019-09-29 20:48:09,2019-11-01 16:15:22,99,156
131,2019-02-14 01:57:00,2019-03-02 22:07:00,48,69
131,2019-03-02 22:07:00,2019-03-10 01:46:00,69,29
131,2019-03-10 01:46:00,2019-03-20 09:05:00,29,69
131,2019-03-20 09:05:00,2019-06-11 20:56:01,69,30
131,2019-06-11 20:56:01,2019-06-26 02:54:13,30,99
131,2019-06-26 02:54:13,2019-07-14 20:51:15,99,34
131,2019-07-14 20:51:15,2019-08-02 16:49:07,34,69
131,2019-08-02 16:49:07,2019-09-23 20:54:22,69,34
131,2019-09-23 20:54:22,2019-10-06 19:57:31,34,69
131,2019-10-06 19:57:31,2019-10-27 20:54:03,69,34
131,2019-10-27 20:54:03,2019-11-11 22:15:15,34,69
131,2019-11-11 22:15:15,2019-12-23 21:19:24,69,149
132,2019-01-04 21:32:00,2019-01-16 04:59:00,156,14
132,2019-01-16 04:59:00,2019-02-01 22:36:00,14,156
132,2019-02-01 22:36:00,2019-03-15 03:53:00,156,14
132,2019-03-15 03:53:00,2019-03-25 21:05:00,14,156
132,2019-03-25 21:05:00,2019-05-31 19:23:41,156,7
132,2019-05-31 19:23:41,2019-06-26 16:30:04,7,156
132,2019-06-26 16:30:04,2019-07-07 23:43:56,156,14
132,2019-07-07 23:43:56,2019-07-22 16:28:57,14,156
132,2019-07-22 16:28:57,2019-08-02 20:51:41,156,7
132,2019-08-02 20:51:41,2019-08-18 16:29:46,7,156
132,2019-08-18 16:29:46,2019-08-30 20:39:12,156,7
132,2019-08-30 20:39:12,2019-09-12 16:27:24,7,156
132,2019-09-12 16:27:24,2019-09-25 20:58:31,156,70
132,2019-09-25 20:58:31,2019-10-11 16:10:49,70,156
132,2019-10-11 16:10:49,2019-10-20 20:53:33,156,139
132,2019-10-20 20:53:33,2019-10-29 16:25:12,139,156
132,2019-10-29 16:25:12,2019-11-15 21:56:02,156,30
132,2019-11-15 21:56:02,2019-12-02 15:52:39,30,156
132,2019-12-02 15:52:39,2019-12-15 01:35:11,156,14
135,2019-09-07 01:28:22,2019-09-30 20:59:07,30,22
135,2019-09-30 20:59:07,2019-10-22 23:45:56,22,51
135,2019-10-22 23:45:56,2019-11-02 16:30:51,51,100
135,2019-11-02 16:30:51,2019-11-14 21:56:57,100,51
135,2019-11-14 21:56:57,2019-12-08 20:16:39,51,7
136,2019-01-21 04:57:00,2019-02-24 01:37:00,51,30
136,2019-02-24 01:37:00,2019-04-26 20:44:49,30,65
136,2019-04-26 20:44:49,2019-10-29 20:46:21,65,22
136,2019-10-29 20:46:21,2019-11-20 21:55:41,22,51
137,2019-04-06 01:20:52,2019-04-14 22:16:55,90,30
137,2019-04-14 22:16:55,2019-04-27 05:57:13,30,90
137,2019-04-27 05:57:13,2019-06-30 20:42:42,90,30
137,2019-06-30 20:42:42,2019-08-30 23:47:31,30,65
137,2019-08-30 23:47:31,2019-09-12 20:45:31,65,90
137,2019-09-12 20:45:31,2019-09-23 23:53:40,90,22
137,2019-09-23 23:53:40,2019-10-05 08:02:48,22,90
137,2019-10-05 08:02:48,2019-10-25 13:30:32,90,100
137,2019-10-25 13:30:32,2019-11-25 00:49:16,100,51
137,2019-11-25 00:49:16,2019-12-05 15:52:42,51,156
138,2019-01-04 02:47:00,2019-03-31 05:31:00,151,59
138,2019-03-31 05:31:00,2019-04-15 20:43:39,59,151
138,2019-04-15 20:43:39,2019-05-27 20:55:43,151,59
138,2019-05-27 20:55:43,2019-06-11 20:45:18,59,151
138,2019-06-11 20:45:18,2019-06-27 23:46:02,151,59
138,2019-06-27 23:46:02,2019-07-12 20:24:14,59,151
138,2019-07-12 20:24:14,2019-07-29 00:07:10,151,59
138,2019-07-29 00:07:10,2019-08-16 20:22:01,59,151
138,2019-08-16 20:22:01,2019-09-14 04:58:41,151,100
138,2019-09-14 04:58:41,2019-10-18 00:41:48,100,59
138,2019-10-18 00:41:48,2019-11-01 21:42:50,59,151
138,2019-11-01 21:42:50,2019-11-18 23:54:28,151,59
138,2019-11-18 23:54:28,2019-12-04 21:48:58,59,151
139,2019-01-05 02:12:00,2019-05-29 21:44:49,69,178
139,2019-05-29 21:44:49,2019-06-20 17:11:16,178,69
139,2019-06-20 17:11:16,2019-07-09 19:11:26,69,178
139,2019-07-09 19:11:26,2019-07-20 18:41:43,178,69
139,2019-07-20 18:41:43,2019-09-05 19:30:21,69,178
139,2019-09-05 19:30:21,2019-10-15 16:13:05,178,69
139,2019-10-15 16:13:05,2019-11-23 20:16:04,69,34
139,2019-11-23 20:16:04,2019-12-13 16:26:20,34,69
14,2019-01-19 13:26:00,2019-02-17 04:31:00,55,72
14,2019-02-17 04:31:00,2019-04-30 02:25:22,72,73
14,2019-04-30 02:25:22,2019-05-11 01:30:42,73,51
14,2019-05-11 01:30:42,2019-05-22 16:27:18,51,156
14,2019-05-22 16:27:18,2019-06-02 23:49:47,156,14
14,2019-06-02 23:49:47,2019-06-17 02:15:26,14,99
14,2019-06-17 02:15:26,2019-06-26 20:46:15,99,30
14,2019-06-26 20:46:15,2019-07-28 20:49:53,30,99
14,2019-07-28 20:49:53,2019-08-07 22:14:03,99,151
14,2019-08-07 22:14:03,2019-10-07 16:31:29,151,32
14,2019-10-07 16:31:29,2019-11-21 02:30:50,32,91
140,2019-01-11 23:25:00,2019-03-15 02:39:00,69,34
140,2019-03-15 02:39:00,2019-05-08 18:29:00,34,69
140,2019-05-08 18:29:00,2019-05-18 20:45:21,69,34
140,2019-05-18 20:45:21,2019-06-01 01:09:33,34,69
140,2019-06-01 01:09:33,2019-06-10 20:49:59,69,34
140,2019-06-10 20:49:59,2019-06-18 16:59:36,34,69
140,2019-06-18 16:59:36,2019-08-12 20:55:12,69,13
140,2019-08-12 20:55:12,2019-08-20 18:50:09,13,69
140,2019-08-20 18:50:09,2019-09-26 03:35:00,69,29
140,2019-09-26 03:35:00,2019-10-10 07:21:00,29,69
140,2019-10-10 07:21:00,2019-12-12 21:54:56,69,48
141,2019-01-09 04:01:00,2019-02-02 01:39:00,72,157
141,2019-02-02 01:39:00,2019-04-04 22:09:59,157,22
141,2019-04-04 22:09:59,2019-04-11 21:13:41,22,157
141,2019-04-11 21:13:41,2019-04-19 22:47:21,157,72
141,2019-04-19 22:47:21,2019-04-28 17:39:50,72,157
141,2019-04-28 17:39:50,2019-05-06 20:46:18,157,72
141,2019-05-06 20:46:18,2019-06-17 17:24:11,72,157
141,2019-06-17 17:24:11,2019-07-13 23:04:59,157,72
141,2019-07-13 23:04:59,2019-07-24 20:09:54,72,157
141,2019-07-24 20:09:54,2019-09-28 23:48:51,157,51
141,2019-09-28 23:48:51,2019-10-13 19:59:14,51,157
142,2019-04-28 20:32:07,2019-05-07 03:34:13,22,157
142,2019-05-07 03:34:13,2019-06-20 18:53:06,157,40
142,2019-06-20 18:53:06,2019-06-28 20:23:45,40,157
142,2019-06-28 20:23:45,2019-07-07 20:28:04,157,30
142,2019-07-07 20:28:04,2019-07-15 00:57:06,30,157
142,2019-07-15 00:57:06,2019-07-23 22:17:46,157,51
142,2019-07-23 22:17:46,2019-07-31 17:24:55,51,157
142,2019-07-31 17:24:55,2019-08-07 00:14:40,157,7
142,2019-08-07 00:14:40,2019-10-20 20:13:47,7,157
142,2019-10-20 20:13:47,2019-10-30 19:18:37,157,7
142,2019-10-30 19:18:37,2019-11-05 17:08:41,7,157
142,2019-11-05 17:08:41,2019-11-13 19:58:35,157,7
142,2019-11-13 19:58:35,2019-11-24 20:06:18,7,157
142,2019-11-24 20:06:18,2019-12-05 02:14:39,157,70
142,2019-12-05 02:14:39,2019-12-21 20:26:10,70,22
143,2019-01-16 22:58:00,2019-03-04 01:42:00,92,22
143,2019-03-04 01:42:00,2019-03-16 00:28:00,22,92
143,2019-03-16 00:28:00,2019-03-24 01:52:00,92,22
143,2019-03-24 01:52:00,2019-04-06 18:19:47,22,92
143,2019-04-06 18:19:47,2019-05-22 22:36:13,92,139
143,2019-05-22 22:36:13,2019-05-29 18:07:43,139,92
143,2019-05-29 18:07:43,2019-06-27 23:53:44,92,22
143,2019-06-27 23:53:44,2019-07-23 19:32:40,22,92
143,2019-07-23 19:32:40,2019-07-31 20:45:39,92,22
143,2019-07-31 20:45:39,2019-08-17 18:08:28,22,92
143,2019-08-17 18:08:28,2019-10-14 21:27:53,92,22
143,2019-10-14 21:27:53,2019-11-14 17:37:03,22,92
145,2019-01-02 08:44:00,2019-01-09 10:30:00,29,69
145,2019-01-09 10:30:00,2019-01-17 07:37:00,69,29
145,2019-01-17 07:37:00,2019-01-24 06:41:00,29,69
145,2019-01-24 06:41:00,2019-01-31 07:54:00,69,29
145,2019-01-31 07:54:00,2019-02-09 06:44:00,29,69
145,2019-02-09 06:44:00,2019-02-22 01:58:00,69,29
145,2019-02-22 01:58:00,2019-04-27 18:33:19,29,69
145,2019-04-27 18:33:19,2019-05-06 18:59:11,69,29
145,2019-05-06 18:59:11,2019-05-13 22:24:06,29,69
145,2019-05-13 22:24:06,2019-05-21 20:45:08,69,29
145,2019-05-21 20:45:08,2019-06-12 22:17:15,29,69
145,2019-06-12 22:17:15,2019-06-20 20:40:30,69,29
145,2019-06-20 20:40:30,2019-06-26 22:04:20,29,69
145,2019-06-26 22:04:20,2019-07-05 20:46:22,69,29
145,2019-07-05 20:46:22,2019-07-14 00:44:11,29,69
145,2019-07-14 00:44:11,2019-07-20 20:44:51,69,29
145,2019-07-20 20:44:51,2019-07-27 19:54:06,29,69
145,2019-07-27 19:54:06,2019-08-04 20:48:03,69,29
145,2019-08-04 20:48:03,2019-08-11 21:06:21,29,69
145,2019-08-11 21:06:21,2019-08-18 20:11:23,69,29
145,2019-08-18 20:11:23,2019-08-28 00:11:56,29,69
145,2019-08-28 00:11:56,2019-09-04 21:57:15,69,29
145,2019-09-04 21:57:15,2019-09-11 22:36:04,29,69
145,2019-09-11 22:36:04,2019-09-18 20:06:22,69,29
145,2019-09-18 20:06:22,2019-09-28 01:48:37,29,69
145,2019-09-28 01:48:37,2019-10-05 23:18:37,69,29
145,2019-10-05 23:18:37,2019-11-13 15:26:07,29,69
145,2019-11-13 15:26:07,2019-11-21 00:16:49,69,29
145,2019-11-21 00:16:49,2019-12-01 16:53:20,29,69
145,2019-12-01 16:53:20,2019-12-09 03:54:11,69,29
145,2019-12-09 03:54:11,2019-12-15 16:27:15,29,69
145,2019-12-15 16:27:15,2019-12-23 03:48:38,69,29
146,2019-01-03 01:06:00,2019-02-13 01:58:00,7,34
146,2019-02-13 01:58:00,2019-04-13 01:15:21,34,90
146,2019-04-13 01:15:21,2019-04-19 22:16:39,90,22
146,2019-04-19 22:16:39,2019-04-29 05:51:05,22,90
146,2019-04-29 05:51:05,2019-06-27 20:51:52,90,48
146,2019-06-27 20:51:52,2019-07-14 18:59:18,48,7
146,2019-07-14 18:59:18,2019-07-24 23:51:10,7,90
146,2019-07-24 23:51:10,2019-07-31 23:44:23,90,65
146,2019-07-31 23:44:23,2019-08-10 20:54:52,65,90
146,2019-08-10 20:54:52,2019-08-18 23:56:18,90,65
146,2019-08-18 23:56:18,2019-08-25 20:46:32,65,90
146,2019-08-25 20:46:32,2019-10-07 20:49:56,90,34
146,2019-10-07 20:49:56,2019-10-16 20:49:33,34,90
146,2019-10-16 20:49:33,2019-10-20 18:59:17,90,7
146,2019-10-20 18:59:17,2019-10-28 16:06:41,7,69
146,2019-10-28 16:06:41,2019-11-11 21:12:12,69,34
146,2019-11-11 21:12:12,2019-11-25 00:48:00,34,90
146,2019-11-25 00:48:00,2019-12-17 21:55:05,90,108
146,2019-12-17 21:55:05,2019-12-24 21:54:31,108,90
146,2019-12-24 21:54:31,2019-12-30 21:57:16,90,34
147,2019-02-05 01:58:00,2019-02-19 04:56:00,22,65
147,2019-02-19 04:56:00,2019-03-29 00:56:00,65,30
147,2019-03-29 00:56:00,2019-04-11 01:22:26,30,90
147,2019-04-11 01:22:26,2019-04-19 22:18:42,90,51
147,2019-04-19 22:18:42,2019-05-07 23:57:24,51,90
147,2019-05-07 23:57:24,2019-05-15 23:43:17,90,72
147,2019-05-15 23:43:17,2019-05-23 17:47:45,72,90
147,2019-05-23 17:47:45,2019-05-29 02:49:44,90,29
147,2019-05-29 02:49:44,2019-06-19 19:51:22,29,7
147,2019-06-19 19:51:22,2019-07-28 14:52:56,7,90
147,2019-07-28 14:52:56,2019-09-05 19:55:34,90,7
147,2019-09-05 19:55:34,2019-09-12 06:42:09,7,90
147,2019-09-12 06:42:09,2019-09-18 20:56:05,90,22
147,2019-09-18 20:56:05,2019-09-26 22:59:04,22,90
147,2019-09-26 22:59:04,2019-10-07 23:21:07,90,108
147,2019-10-07 23:21:07,2019-10-14 11:50:14,108,90
147,2019-10-14 11:50:14,2019-10-21 19:27:14,90,72
147,2019-10-21 19:27:14,2019-11-27 00:49:17,72,90
147,2019-11-27 00:49:17,2019-12-10 21:46:26,90,51
147,2019-12-10 21:46:26,2019-12-17 21:53:08,51,90
147,2019-12-17 21:53:08,2019-12-24 21:57:03,90,139
148,2019-02-11 07:55:00,2019-02-20 10:43:00,65,21
148,2019-02-20 10:43:00,2019-02-28 01:40:00,21,65
148,2019-02-28 01:40:00,2019-04-13 19:09:37,65,21
148,2019-04-13 19:09:37,2019-06-13 23:46:41,21,51
148,2019-06-13 23:46:41,2019-06-20 18:33:29,51,21
148,2019-06-20 18:33:29,2019-06-30 20:42:48,21,65
148,2019-06-30 20:42:48,2019-07-07 19:43:15,65,21
148,2019-07-07 19:43:15,2019-08-07 23:06:44,21,154
148,2019-08-07 23:06:44,2019-08-16 03:40:11,154,21
148,2019-08-16 03:40:11,2019-08-28 20:30:14,21,7
148,2019-08-28 20:30:14,2019-09-01 10:26:49,7,21
148,2019-09-01 10:26:49,2019-09-14 04:57:25,21,65
148,2019-09-14 04:57:25,2019-09-20 20:17:43,65,21
148,2019-09-20 20:17:43,2019-09-28 23:51:07,21,30
148,2019-09-28 23:51:07,2019-10-13 00:36:35,30,21
148,2019-10-13 00:36:35,2019-10-20 23:55:55,21,65
148,2019-10-20 23:55:55,2019-10-27 20:06:55,65,21
148,2019-10-27 20:06:55,2019-11-05 04:56:13,21,72
148,2019-11-05 04:56:13,2019-11-12 18:39:51,72,21
148,2019-11-12 18:39:51,2019-11-20 21:45:13,21,65
148,2019-11-20 21:45:13,2019-11-30 18:24:07,65,21
149,2019-01-30 04:49:00,2019-04-02 04:17:33,30,35
149,2019-04-02 04:17:33,2019-06-05 23:44:49,35,51
149,2019-06-05 23:44:49,2019-07-13 20:53:25,51,35
149,2019-07-13 20:53:25,2019-09-16 23:54:55,35,51
15,2019-01-07 07:54:00,2019-01-20 03:55:00,56,10
15,2019-01-20 03:55:00,2019-02-20 04:54:00,10,55
15,2019-02-20 04:54:00,2019-04-17 10:26:47,55,104
15,2019-04-17 10:26:47,2019-06-07 01:31:31,104,57
15,2019-06-07 01:31:31,2019-08-25 01:32:20,57,91
15,2019-08-25 01:32:20,2019-09-16 05:16:25,91,126
15,2019-09-16 05:16:25,2019-10-06 01:31:19,126,57
150,2019-01-05 04:56:00,2019-01-20 09:50:00,149,59
150,2019-01-20 09:50:00,2019-04-04 19:27:27,59,22
150,2019-04-04 19:27:27,2019-04-20 04:31:35,22,59
150,2019-04-20 04:31:35,2019-06-04 20:56:34,59,34
150,2019-06-04 20:56:34,2019-07-13 07:31:01,34,59
150,2019-07-13 07:31:01,2019-09-30 23:45:33,59,70
150,2019-09-30 23:45:33,2019-10-15 23:42:25,70,59
150,2019-10-15 23:42:25,2019-10-31 21:00:07,59,48
150,2019-10-31 21:00:07,2019-11-18 00:52:40,48,59
150,2019-11-18 00:52:40,2019-12-04 00:52:32,59,154
150,2019-12-04 00:52:32,2019-12-15 12:24:07,154,59
151,2019-02-12 01:46:00,2019-03-12 03:32:00,7,51
151,2019-03-12 03:32:00,2019-04-11 01:23:50,51,30
151,2019-04-11 01:23:50,2019-04-26 23:46:31,30,59
151,2019-04-26 23:46:31,2019-05-12 01:30:00,59,65
151,2019-05-12 01:30:00,2019-06-23 00:01:56,65,59
151,2019-06-23 00:01:56,2019-07-10 06:47:27,59,30
151,2019-07-10 06:47:27,2019-07-25 06:34:56,30,59
151,2019-07-25 06:34:56,2019-09-09 20:52:10,59,51
151,2019-09-09 20:52:10,2019-09-27 08:17:50,51,59
151,2019-09-27 08:17:50,2019-10-14 01:20:01,59,65
151,2019-10-14 01:20:01,2019-10-31 07:06:15,65,59
151,2019-10-31 07:06:15,2019-11-15 21:55:37,59,65
151,2019-11-15 21:55:37,2019-12-03 02:25:46,65,59
151,2019-12-03 02:25:46,2019-12-17 21:52:56,59,22
152,2019-01-06 04:52:00,2019-02-12 04:52:00,30,51
152,2019-02-12 04:52:00,2019-06-14 08:30:29,51,35
152,2019-06-14 08:30:29,2019-07-20 23:48:07,35,51
152,2019-07-20 23:48:07,2019-09-01 23:49:30,51,30
152,2019-09-01 23:49:30,2019-10-16 23:53:14,30,51
152,2019-10-16 23:53:14,2019-11-16 00:45:09,51,35
153,2019-01-12 04:15:00,2019-02-26 01:33:00,59,72
153,2019-02-26 01:33:00,2019-05-14 03:13:51,72,59
153,2019-05-14 03:13:51,2019-08-30 20:12:45,59,72
153,2019-08-30 20:12:45,2019-11-24 23:43:46,72,59
154,2019-01-03 06:39:00,2019-03-31 20:09:33,65,39
154,2019-03-31 20:09:33,2019-04-17 22:11:21,39,65
154,2019-04-17 22:11:21,2019-04-26 19:28:20,65,21
154,2019-04-26 19:28:20,2019-05-21 23:57:23,21,65
154,2019-05-21 23:57:23,2019-05-29 19:33:26,65,21
154,2019-05-29 19:33:26,2019-06-07 01:29:24,21,65
154,2019-06-07 01:29:24,2019-06-15 19:53:28,65,21
154,2019-06-15 19:53:28,2019-06-24 01:29:15,21,65
154,2019-06-24 01:29:15,2019-10-15 18:48:29,65,40
154,2019-10-15 18:48:29,2019-10-24 19:26:21,40,21
154,2019-10-24 19:26:21,2019-11-01 20:46:11,21,65
155,2019-01-03 04:54:00,2019-01-22 04:57:00,48,72
155,2019-01-22 04:57:00,2019-02-05 01:59:00,72,48
155,2019-02-05 01:59:00,2019-03-08 04:57:00,48,22
155,2019-03-08 04:57:00,2019-03-21 09:55:00,22,34
155,2019-03-21 09:55:00,2019-04-18 10:14:03,34,90
155,2019-04-18 10:14:03,2019-04-24 22:26:12,90,34
155,2019-04-24 22:26:12,2019-05-09 14:44:30,34,90
155,2019-05-09 14:44:30,2019-05-16 20:43:19,90,22
155,2019-05-16 20:43:19,2019-06-15 05:55:44,22,90
155,2019-06-15 05:55:44,2019-08-02 20:52:23,90,34
155,2019-08-02 20:52:23,2019-10-02 20:49:34,34,90
155,2019-10-02 20:49:34,2019-11-28 21:48:23,90,34
155,2019-11-28 21:48:23,2019-12-14 06:57:36,34,90
156,2019-02-21 04:30:00,2019-03-11 04:43:00,65,72
156,2019-03-11 04:43:00,2019-03-29 06:37:00,72,65
156,2019-03-29 06:37:00,2019-04-05 19:04:19,65,21
156,2019-04-05 19:04:19,2019-05-02 23:44:00,21,65
156,2019-05-02 23:44:00,2019-05-14 14:37:07,65,21
156,2019-05-14 14:37:07,2019-05-20 18:58:43,21,7
156,2019-05-20 18:58:43,2019-05-26 11:52:38,7,21
156,2019-05-26 11:52:38,2019-06-02 23:53:10,21,65
156,2019-06-02 23:53:10,2019-06-13 18:21:54,65,21
156,2019-06-13 18:21:54,2019-09-03 02:55:45,21,65
156,2019-09-03 02:55:45,2019-09-10 11:45:50,65,21
156,2019-09-10 11:45:50,2019-09-17 20:53:58,21,7
156,2019-09-17 20:53:58,2019-09-25 19:11:35,7,21
156,2019-09-25 19:11:35,2019-10-10 01:30:14,21,154
156,2019-10-10 01:30:14,2019-10-15 08:48:20,154,21
156,2019-10-15 08:48:20,2019-11-08 21:55:47,21,65
156,2019-11-08 21:55:47,2019-11-16 18:59:11,65,21
156,2019-11-16 18:59:11,2019-11-22 21:50:35,21,7
156,2019-11-22 21:50:35,2019-12-04 15:29:50,7,21
156,2019-12-04 15:29:50,2019-12-14 00:49:23,21,139
156,2019-12-14 00:49:23,2019-12-20 19:20:11,139,21
156,2019-12-20 19:20:11,2019-12-28 21:48:08,21,65
157,2019-04-03 01:15:51,2019-04-13 06:06:35,90,126
157,2019-04-13 06:06:35,2019-04-26 05:52:12,126,90
157,2019-04-26 05:52:12,2019-05-01 04:30:43,90,29
157,2019-05-01 04:30:43,2019-05-15 06:51:13,29,90
157,2019-05-15 06:51:13,2019-07-21 20:02:49,90,7
157,2019-07-21 20:02:49,2019-07-27 20:42:30,7,90
157,2019-07-27 20:42:30,2019-07-31 22:10:47,90,7
157,2019-07-31 22:10:47,2019-08-07 23:57:13,7,90
157,2019-08-07 23:57:13,2019-09-09 20:53:32,90,48
157,2019-09-09 20:53:32,2019-09-21 05:55:31,48,90
157,2019-09-21 05:55:31,2019-12-18 18:56:19,90,34
158,2019-01-25 01:57:00,2019-02-28 04:55:00,22,108
158,2019-02-28 04:55:00,2019-05-26 02:53:22,108,90
158,2019-05-26 02:53:22,2019-06-04 22:36:30,90,108
158,2019-06-04 22:36:30,2019-06-14 02:50:03,108,90
158,2019-06-14 02:50:03,2019-06-19 20:45:34,90,34
158,2019-06-19 20:45:34,2019-07-01 19:10:53,34,90
158,2019-07-01 19:10:53,2019-08-26 20:14:49,90,7
158,2019-08-26 20:14:49,2019-09-07 18:47:18,7,90
158,2019-09-07 18:47:18,2019-10-03 20:00:25,90,7
158,2019-10-03 20:00:25,2019-10-10 06:14:50,7,90
158,2019-10-10 06:14:50,2019-12-14 00:48:41,90,22
158,2019-12-14 00:48:41,2019-12-23 00:49:45,22,90
159,2019-02-12 01:59:00,2019-04-28 07:06:47,48,90
159,2019-04-28 07:06:47,2019-05-23 20:54:47,90,48
159,2019-05-23 20:54:47,2019-05-31 23:43:22,48,90
159,2019-05-31 23:43:22,2019-07-01 23:44:39,90,65
159,2019-07-01 23:44:39,2019-07-16 23:46:38,65,51
159,2019-07-16 23:46:38,2019-07-30 20:48:09,51,90
159,2019-07-30 20:48:09,2019-08-08 20:50:56,90,48
159,2019-08-08 20:50:56,2019-08-20 23:54:56,48,90
159,2019-08-20 23:54:56,2019-09-02 01:31:16,90,65
159,2019-09-02 01:31:16,2019-09-09 05:47:28,65,90
159,2019-09-09 05:47:28,2019-10-08 20:54:47,90,22
159,2019-10-08 20:54:47,2019-10-16 23:53:40,22,90
159,2019-10-16 23:53:40,2019-10-23 20:59:15,90,65
159,2019-10-23 20:59:15,2019-11-06 00:56:38,65,90
159,2019-11-06 00:56:38,2019-11-15 21:57:09,90,48
159,2019-11-15 21:57:09,2019-11-23 00:55:12,48,90
16,2019-01-19 04:57:00,2019-02-08 01:17:00,136,10
16,2019-02-08 01:17:00,2019-02-18 16:58:00,10,46
16,2019-02-18 16:58:00,2019-03-06 06:49:00,46,57
16,2019-03-06 06:49:00,2019-04-18 18:59:51,57,91
16,2019-04-18 18:59:51,2019-07-02 20:33:14,91,55
16,2019-07-02 20:33:14,2019-10-01 18:59:44,55,7
16,2019-10-01 18:59:44,2019-10-28 01:32:42,7,57
16,2019-10-28 01:32:42,2019-11-27 05:30:51,57,10
16,2019-11-27 05:30:51,2019-12-10 08:30:19,10,20
161,2019-01-10 07:54:00,2019-01-25 04:24:00,95,91
161,2019-01-25 04:24:00,2019-04-12 01:22:05,91,24
161,2019-04-12 01:22:05,2019-05-08 07:28:35,24,10
161,2019-05-08 07:28:35,2019-05-25 01:30:16,10,144
161,2019-05-25 01:30:16,2019-06-08 18:59:25,144,10
161,2019-06-08 18:59:25,2019-06-25 01:26:40,10,24
161,2019-06-25 01:26:40,2019-07-26 02:55:24,24,10
161,2019-07-26 02:55:24,2019-08-20 01:30:38,10,24
161,2019-08-20 01:30:38,2019-09-07 09:29:24,24,10
161,2019-09-07 09:29:24,2019-09-20 23:49:11,10,20
161,2019-09-20 23:49:11,2019-10-28 08:51:24,20,165
161,2019-10-28 08:51:24,2019-11-16 09:52:46,165,87
161,2019-11-16 09:52:46,2019-12-01 09:52:57,87,165
162,2019-01-07 04:53:00,2019-01-30 06:46:00,48,65
162,2019-01-30 06:46:00,2019-03-08 10:56:00,65,48
162,2019-03-08 10:56:00,2019-03-15 03:15:00,48,90
162,2019-03-15 03:15:00,2019-03-19 01:09:00,90,7
162,2019-03-19 01:09:00,2019-04-08 10:25:45,7,90
162,2019-04-08 10:25:45,2019-04-14 21:54:31,90,11
162,2019-04-14 21:54:31,2019-04-21 22:16:25,11,90
162,2019-04-21 22:16:25,2019-04-29 20:57:36,90,65
162,2019-04-29 20:57:36,2019-05-13 20:51:06,65,90
162,2019-05-13 20:51:06,2019-06-13 01:30:16,90,65
162,2019-06-13 01:30:16,2019-07-18 06:42:11,65,90
162,2019-07-18 06:42:11,2019-07-23 18:59:20,90,7
162,2019-07-23 18:59:20,2019-07-31 20:50:23,7,90
162,2019-07-31 20:50:23,2019-08-25 19:57:24,90,7
162,2019-08-25 19:57:24,2019-10-30 20:47:23,7,90
162,2019-10-30 20:47:23,2019-11-20 21:50:26,90,22
162,2019-11-20 21:50:26,2019-11-28 03:51:31,22,90
162,2019-11-28 03:51:31,2019-12-21 20:05:58,90,7
163,2019-03-26 03:58:00,2019-04-01 22:23:39,22,90
163,2019-04-01 22:23:39,2019-05-12 01:29:43,90,22
163,2019-05-12 01:29:43,2019-06-05 20:38:04,22,90
163,2019-06-05 20:38:04,2019-06-15 19:48:32,90,7
163,2019-06-15 19:48:32,2019-06-20 02:52:28,7,90
163,2019-06-20 02:52:28,2019-06-29 23:37:42,90,72
163,2019-06-29 23:37:42,2019-07-31 20:50:46,72,90
163,2019-07-31 20:50:46,2019-12-15 20:44:22,90,7
163,2019-12-15 20:44:22,2019-12-27 21:49:20,7,90
164,2019-01-02 01:46:00,2019-01-26 02:21:00,30,90
164,2019-01-26 02:21:00,2019-03-06 01:57:00,90,22
164,2019-03-06 01:57:00,2019-04-01 22:24:18,22,30
164,2019-04-01 22:24:18,2019-04-10 22:19:32,30,90
164,2019-04-10 22:19:32,2019-04-17 22:11:19,90,48
164,2019-04-17 22:11:19,2019-04-28 20:48:53,48,90
164,2019-04-28 20:48:53,2019-08-13 20:52:43,90,7
164,2019-08-13 20:52:43,2019-08-23 20:40:06,7,90
164,2019-08-23 20:40:06,2019-09-02 01:29:30,90,22
164,2019-09-02 01:29:30,2019-09-15 20:50:47,22,90
164,2019-09-15 20:50:47,2019-11-18 21:49:48,90,51
164,2019-11-18 21:49:48,2019-11-26 00:49:44,51,90
165,2019-05-13 20:51:46,2019-06-24 02:44:14,65,108
165,2019-06-24 02:44:14,2019-07-26 06:50:36,108,97
165,2019-07-26 06:50:36,2019-09-05 19:09:49,97,90
165,2019-09-05 19:09:49,2019-10-25 05:58:15,90,97
166,2019-02-23 01:56:00,2019-03-08 13:51:00,136,15
166,2019-03-08 13:51:00,2019-03-23 21:55:00,15,138
166,2019-03-23 21:55:00,2019-04-08 06:48:17,138,15
166,2019-04-08 06:48:17,2019-04-29 08:53:03,15,138
166,2019-04-29 08:53:03,2019-05-15 23:44:22,138,20
166,2019-05-15 23:44:22,2019-06-12 02:51:16,20,138
166,2019-06-12 02:51:16,2019-06-22 08:49:02,138,120
166,2019-06-22 08:49:02,2019-07-06 18:58:26,120,138
166,2019-07-06 18:58:26,2019-08-07 20:53:31,138,34
166,2019-08-07 20:53:31,2019-09-10 14:47:42,34,160
166,2019-09-10 14:47:42,2019-09-17 08:50:46,160,83
166,2019-09-17 08:50:46,2019-09-22 02:55:08,83,138
166,2019-09-22 02:55:08,2019-10-07 08:47:07,138,120
166,2019-10-07 08:47:07,2019-10-24 17:56:03,120,138
166,2019-10-24 17:56:03,2019-11-08 02:31:19,138,33
166,2019-11-08 02:31:19,2019-11-16 06:52:56,33,46
166,2019-11-16 06:52:56,2019-12-06 03:53:27,46,144
167,2019-01-15 16:44:00,2019-04-23 18:59:47,138,72
167,2019-04-23 18:59:47,2019-05-26 04:31:06,72,138
168,2019-03-07 12:54:00,2019-11-11 04:53:35,97,170
168,2019-11-11 04:53:35,2019-11-23 07:46:34,170,97
17,2019-01-06 01:56:00,2019-03-19 09:55:00,138,27
17,2019-03-19 09:55:00,2019-04-25 10:13:20,27,91
17,2019-04-25 10:13:20,2019-07-01 16:30:35,91,138
17,2019-07-01 16:30:35,2019-08-04 08:46:33,138,120
17,2019-08-04 08:46:33,2019-08-26 18:59:43,120,175
17,2019-08-26 18:59:43,2019-09-27 18:59:50,175,7
17,2019-09-27 18:59:50,2019-11-05 14:32:41,7,138
170,2019-01-14 04:16:00,2019-01-21 01:06:00,169,7
170,2019-01-21 01:06:00,2019-01-30 06:25:00,7,169
170,2019-01-30 06:25:00,2019-03-11 01:10:00,169,7
170,2019-03-11 01:10:00,2019-04-18 03:13:01,7,169
170,2019-04-18 03:13:01,2019-07-08 19:35:00,169,7
170,2019-07-08 19:35:00,2019-07-19 03:27:47,7,169
170,2019-07-19 03:27:47,2019-08-19 20:50:19,169,48
170,2019-08-19 20:50:19,2019-08-30 04:50:04,48,169
170,2019-08-30 04:50:04,2019-09-08 19:33:07,169,7
170,2019-09-08 19:33:07,2019-09-26 03:11:31,7,169
170,2019-09-26 03:11:31,2019-10-25 19:49:40,169,7
170,2019-10-25 19:49:40,2019-11-11 02:00:15,7,169
170,2019-11-11 02:00:15,2019-11-20 21:55:49,169,48
170,2019-11-20 21:55:49,2019-11-26 18:08:10,48,169
170,2019-11-26 18:08:10,2019-12-06 18:50:32,169,40
170,2019-12-06 18:50:32,2019-12-16 17:28:01,40,169
171,2019-02-03 01:58:00,2019-02-23 04:07:00,22,51
171,2019-02-23 04:07:00,2019-03-08 06:55:00,51,169
171,2019-03-08 06:55:00,2019-05-08 20:50:25,169,22
171,2019-05-08 20:50:25,2019-05-22 03:23:16,22,169
171,2019-05-22 03:23:16,2019-08-11 19:56:40,169,7
171,2019-08-11 19:56:40,2019-08-21 04:34:03,7,169
171,2019-08-21 04:34:03,2019-08-26 22:32:58,169,108
171,2019-08-26 22:32:58,2019-09-03 03:20:57,108,169
171,2019-09-03 03:20:57,2019-09-25 20:58:03,169,22
171,2019-09-25 20:58:03,2019-10-06 09:13:12,22,169
171,2019-10-06 09:13:12,2019-10-15 20:27:45,169,48
171,2019-10-15 20:27:45,2019-10-26 20:52:47,48,169
171,2019-10-26 20:52:47,2019-11-26 20:15:30,169,7
171,2019-11-26 20:15:30,2019-12-11 07:35:06,7,169
172,2019-01-08 04:59:00,2019-01-30 01:50:00,51,65
172,2019-01-30 01:50:00,2019-02-14 04:40:00,65,51
172,2019-02-14 04:40:00,2019-02-19 21:22:00,51,169
172,2019-02-19 21:22:00,2019-02-24 01:59:00,169,48
172,2019-02-24 01:59:00,2019-03-23 23:10:00,48,169
172,2019-03-23 23:10:00,2019-03-30 01:17:17,169,30
172,2019-03-30 01:17:17,2019-04-06 00:54:05,30,169
172,2019-04-06 00:54:05,2019-04-10 22:16:39,169,48
172,2019-04-10 22:16:39,2019-04-16 02:44:00,48,169
172,2019-04-16 02:44:00,2019-04-21 18:58:33,169,40
172,2019-04-21 18:58:33,2019-05-10 19:06:45,40,169
172,2019-05-10 19:06:45,2019-05-17 23:49:56,169,65
172,2019-05-17 23:49:56,2019-05-30 23:52:51,65,51
172,2019-05-30 23:52:51,2019-06-13 01:32:10,51,48
172,2019-06-13 01:32:10,2019-06-17 19:14:31,48,169
172,2019-06-17 19:14:31,2019-06-25 01:25:08,169,39
172,2019-06-25 01:25:08,2019-07-03 15:41:38,39,169
172,2019-07-03 15:41:38,2019-07-09 01:29:47,169,51
172,2019-07-09 01:29:47,2019-07-14 03:42:56,51,169
172,2019-07-14 03:42:56,2019-07-18 18:52:31,169,40
172,2019-07-18 18:52:31,2019-07-25 15:52:16,40,169
172,2019-07-25 15:52:16,2019-07-29 23:42:56,169,51
172,2019-07-29 23:42:56,2019-08-05 17:08:59,51,169
172,2019-08-05 17:08:59,2019-08-10 23:43:14,169,51
172,2019-08-10 23:43:14,2019-08-17 14:12:24,51,169
172,2019-08-17 14:12:24,2019-08-21 20:53:22,169,48
172,2019-08-21 20:53:22,2019-09-03 20:53:16,48,65
172,2019-09-03 20:53:16,2019-09-10 04:40:50,65,169
172,2019-09-10 04:40:50,2019-09-14 16:31:23,169,30
172,2019-09-14 16:31:23,2019-09-21 03:42:26,30,169
172,2019-09-21 03:42:26,2019-09-25 18:56:50,169,40
172,2019-09-25 18:56:50,2019-10-05 02:05:25,40,169
172,2019-10-05 02:05:25,2019-10-08 20:49:19,169,48
172,2019-10-08 20:49:19,2019-10-15 17:28:22,48,169
172,2019-10-15 17:28:22,2019-10-19 23:55:40,169,51
172,2019-10-19 23:55:40,2019-10-28 02:36:17,51,169
172,2019-10-28 02:36:17,2019-11-04 02:29:42,169,51
172,2019-11-04 02:29:42,2019-11-09 18:23:04,51,169
172,2019-11-09 18:23:04,2019-11-16 21:39:01,169,48
172,2019-11-16 21:39:01,2019-11-23 21:37:52,48,169
172,2019-11-23 21:37:52,2019-11-28 00:48:25,169,51
172,2019-11-28 00:48:25,2019-12-04 05:28:45,51,169
172,2019-12-04 05:28:45,2019-12-08 21:47:42,169,51
172,2019-12-08 21:47:42,2019-12-13 18:37:12,51,169
172,2019-12-13 18:37:12,2019-12-18 21:51:18,169,30
172,2019-12-18 21:51:18,2019-12-24 17:57:27,30,169
172,2019-12-24 17:57:27,2019-12-28 21:14:45,169,48
175,2019-01-15 15:59:00,2019-01-28 07:46:00,64,27
175,2019-01-28 07:46:00,2019-02-12 18:59:00,27,64
175,2019-02-12 18:59:00,2019-02-26 07:56:00,64,27
175,2019-02-26 07:56:00,2019-03-16 12:58:00,27,64
175,2019-03-16 12:58:00,2019-03-21 09:44:00,64,102
175,2019-03-21 09:44:00,2019-04-02 22:26:18,102,64
175,2019-04-02 22:26:18,2019-04-16 04:30:43,64,27
175,2019-04-16 04:30:43,2019-04-25 16:29:51,27,64
175,2019-04-25 16:29:51,2019-05-07 05:55:15,64,102
175,2019-05-07 05:55:15,2019-05-17 11:47:30,102,64
175,2019-05-17 11:47:30,2019-06-02 05:00:42,64,102
175,2019-06-02 05:00:42,2019-06-15 02:52:18,102,64
175,2019-06-15 02:52:18,2019-06-25 14:53:03,64,102
175,2019-06-25 14:53:03,2019-07-04 04:29:21,102,64
175,2019-07-04 04:29:21,2019-07-22 04:29:53,64,27
175,2019-07-22 04:29:53,2019-08-09 14:49:03,27,64
175,2019-08-09 14:49:03,2019-08-17 01:31:49,64,102
175,2019-08-17 01:31:49,2019-08-28 11:42:34,102,64
175,2019-08-28 11:42:34,2019-09-11 08:04:14,64,27
175,2019-09-11 08:04:14,2019-09-25 13:28:43,27,64
175,2019-09-25 13:28:43,2019-10-09 04:31:53,64,27
175,2019-10-09 04:31:53,2019-10-29 16:29:49,27,64
175,2019-10-29 16:29:49,2019-11-07 14:30:35,64,102
175,2019-11-07 14:30:35,2019-11-17 21:48:36,102,64
175,2019-11-17 21:48:36,2019-11-30 02:31:16,64,27
175,2019-11-30 02:31:16,2019-12-16 18:49:19,27,64
176,2019-01-05 04:08:00,2019-02-09 16:58:00,102,64
176,2019-02-09 16:58:00,2019-06-25 23:48:40,64,20
176,2019-06-25 23:48:40,2019-07-02 07:28:54,20,64
176,2019-07-02 07:28:54,2019-07-09 03:42:28,64,20
176,2019-07-09 03:42:28,2019-07-26 23:51:27,20,64
176,2019-07-26 23:51:27,2019-08-01 05:47:18,64,136
176,2019-08-01 05:47:18,2019-08-14 05:52:55,136,64
176,2019-08-14 05:52:55,2019-11-20 02:30:54,64,56
176,2019-11-20 02:30:54,2019-12-02 18:42:43,56,136
176,2019-12-02 18:42:43,2019-12-10 14:29:58,136,64
18,2019-01-17 01:57:00,2019-01-30 13:53:00,70,32
18,2019-01-30 13:53:00,2019-02-23 19:58:00,32,104
18,2019-02-23 19:58:00,2019-03-07 04:45:00,104,13
18,2019-03-07 04:45:00,2019-03-24 09:49:00,13,104
18,2019-03-24 09:49:00,2019-04-07 22:26:20,104,149
18,2019-04-07 22:26:20,2019-05-13 18:59:49,149,138
18,2019-05-13 18:59:49,2019-05-17 07:32:57,138,83
18,2019-05-17 07:32:57,2019-05-27 02:43:25,83,138
18,2019-05-27 02:43:25,2019-07-29 08:47:21,138,120
18,2019-07-29 08:47:21,2019-08-10 04:31:49,120,10
18,2019-08-10 04:31:49,2019-09-29 10:31:49,10,165
19,2019-01-16 08:33:00,2019-02-05 04:42:00,147,35
19,2019-02-05 04:42:00,2019-03-01 09:53:00,35,147
19,2019-03-01 09:53:00,2019-07-30 20:49:28,147,35
19,2019-07-30 20:49:28,2019-08-23 04:18:16,35,147
19,2019-08-23 04:18:16,2019-10-21 18:59:36,147,136
19,2019-10-21 18:59:36,2019-11-07 05:30:11,136,147
19,2019-11-07 05:30:11,2019-11-26 03:48:55,147,56
19,2019-11-26 03:48:55,2019-12-10 03:48:48,56,147
2,2019-01-12 07:48:00,2019-01-29 10:59:00,13,104
2,2019-01-29 10:59:00,2019-02-13 04:49:00,104,13
2,2019-02-13 04:49:00,2019-04-23 06:31:18,13,138
2,2019-04-23 06:31:18,2019-07-11 04:32:10,138,10
2,2019-07-11 04:32:10,2019-08-08 05:55:24,10,97
2,2019-08-08 05:55:24,2019-09-09 20:11:22,97,55
2,2019-09-09 20:11:22,2019-11-10 00:43:31,55,138
2,2019-11-10 00:43:31,2019-12-16 19:51:47,138,55
20,2019-01-14 03:59:00,2019-01-29 10:49:00,91,56
20,2019-01-29 10:49:00,2019-03-03 14:26:00,56,32
20,2019-03-03 14:26:00,2019-03-18 09:48:00,32,149
20,2019-03-18 09:48:00,2019-04-17 18:59:49,149,138
20,2019-04-17 18:59:49,2019-06-15 01:30:34,138,57
20,2019-06-15 01:30:34,2019-07-28 07:31:09,57,104
20,2019-07-28 07:31:09,2019-08-22 04:13:54,104,32
20,2019-08-22 04:13:54,2019-09-19 01:29:59,32,104
20,2019-09-19 01:29:59,2019-10-05 23:47:43,104,13
20,2019-10-05 23:47:43,2019-11-04 08:32:04,13,138
20,2019-11-04 08:32:04,2019-12-18 00:51:57,138,32
21,2019-02-03 10:05:00,2019-03-14 11:49:00,91,138
21,2019-03-14 11:49:00,2019-03-27 09:59:00,138,46
21,2019-03-27 09:59:00,2019-05-21 07:32:26,46,10
21,2019-05-21 07:32:26,2019-06-07 08:16:27,10,138
21,2019-06-07 08:16:27,2019-08-09 13:32:10,138,91
21,2019-08-09 13:32:10,2019-09-12 18:59:35,91,7
21,2019-09-12 18:59:35,2019-10-23 17:55:42,7,138
22,2019-03-25 23:01:00,2019-06-06 05:55:21,72,19
22,2019-06-06 05:55:21,2019-07-20 01:31:58,19,10
22,2019-07-20 01:31:58,2019-08-24 17:42:51,10,160
22,2019-08-24 17:42:51,2019-11-23 23:11:32,160,72
22,2019-11-23 23:11:32,2019-12-03 00:54:55,72,100
23,2019-01-12 04:45:00,2019-02-06 21:29:00,7,156
23,2019-02-06 21:29:00,2019-04-16 07:18:38,156,140
23,2019-04-16 07:18:38,2019-06-23 07:23:46,140,19
23,2019-06-23 07:23:46,2019-07-01 10:31:10,19,10
23,2019-07-01 10:31:10,2019-08-02 23:30:22,10,59
23,2019-08-02 23:30:22,2019-10-03 14:43:48,59,10
23,2019-10-03 14:43:48,2019-11-04 20:12:06,10,7
23,2019-11-04 20:12:06,2019-11-14 21:56:00,7,99
23,2019-11-14 21:56:00,2019-11-24 00:50:03,99,154
23,2019-11-24 00:50:03,2019-12-09 00:02:33,154,59
24,2019-01-15 18:47:00,2019-05-23 14:37:46,160,138
24,2019-05-23 14:37:46,2019-06-05 17:53:32,138,20
24,2019-06-05 17:53:32,2019-06-23 03:22:59,20,138
25,2019-02-09 21:36:00,2019-02-21 07:58:00,156,14
25,2019-02-21 07:58:00,2019-04-14 16:18:16,14,120
25,2019-04-14 16:18:16,2019-05-16 05:53:57,120,10
25,2019-05-16 05:53:57,2019-07-17 03:12:59,10,27
25,2019-07-17 03:12:59,2019-10-18 07:31:30,27,10
26,2019-01-01 05:52:00,2019-03-10 15:50:00,147,140
26,2019-03-10 15:50:00,2019-03-29 04:39:27,140,147
26,2019-03-29 04:39:27,2019-04-12 04:06:42,147,153
26,2019-04-12 04:06:42,2019-05-03 02:46:44,153,147
26,2019-05-03 02:46:44,2019-09-25 22:44:48,147,79
26,2019-09-25 22:44:48,2019-10-17 02:56:10,79,147
27,2019-02-14 10:54:00,2019-04-02 08:45:56,104,55
27,2019-04-02 08:45:56,2019-04-27 20:35:37,55,11
27,2019-04-27 20:35:37,2019-06-10 16:31:49,11,91
27,2019-06-10 16:31:49,2019-07-04 08:23:42,91,83
27,2019-07-04 08:23:42,2019-07-12 13:31:45,83,138
27,2019-07-12 13:31:45,2019-07-20 08:50:08,138,83
27,2019-07-20 08:50:08,2019-07-26 23:50:25,83,138
27,2019-07-26 23:50:25,2019-09-21 04:30:13,138,57
27,2019-09-21 04:30:13,2019-11-19 11:29:51,57,91
28,2019-05-10 01:30:00,2019-06-04 08:31:44,144,91
28,2019-06-04 08:31:44,2019-09-13 22:57:38,91,174
28,2019-09-13 22:57:38,2019-10-10 08:49:45,174,91
28,2019-10-10 08:49:45,2019-10-23 02:51:08,91,144
28,2019-10-23 02:51:08,2019-11-06 15:46:34,144,91
29,2019-01-06 10:31:00,2019-10-05 23:30:20,147,35
29,2019-10-05 23:30:20,2019-10-25 02:51:59,35,147
29,2019-10-25 02:51:59,2019-11-11 21:32:42,147,79
29,2019-11-11 21:32:42,2019-12-05 03:56:05,79,147
3,2019-01-22 16:56:00,2019-03-05 10:14:00,104,32
3,2019-03-05 10:14:00,2019-04-21 01:30:22,32,138
3,2019-04-21 01:30:22,2019-05-06 08:08:36,138,83
3,2019-05-06 08:08:36,2019-05-22 16:29:55,83,138
3,2019-05-22 16:29:55,2019-05-30 08:40:02,138,83
3,2019-05-30 08:40:02,2019-06-04 02:54:05,83,138
3,2019-06-04 02:54:05,2019-06-23 15:59:46,138,84
3,2019-06-23 15:59:46,2019-07-11 18:52:08,84,91
3,2019-07-11 18:52:08,2019-08-02 23:50:29,91,35
3,2019-08-02 23:50:29,2019-08-25 01:30:11,35,57
3,2019-08-25 01:30:11,2019-09-30 14:06:21,57,120
3,2019-09-30 14:06:21,2019-10-15 10:32:41,120,165
30,2019-01-25 18:28:00,2019-03-16 15:40:00,91,138
30,2019-03-16 15:40:00,2019-03-30 07:24:40,138,46
30,2019-03-30 07:24:40,2019-04-13 13:15:42,46,160
30,2019-04-13 13:15:42,2019-05-02 18:59:46,160,136
30,2019-05-02 18:59:46,2019-05-17 02:50:12,136,138
30,2019-05-17 02:50:12,2019-06-04 17:55:48,138,136
30,2019-06-04 17:55:48,2019-07-11 10:32:00,136,160
30,2019-07-11 10:32:00,2019-07-22 18:55:27,160,120
30,2019-07-22 18:55:27,2019-08-03 23:49:36,120,138
30,2019-08-03 23:49:36,2019-09-16 07:31:26,138,35
30,2019-09-16 07:31:26,2019-10-08 04:30:16,35,91
30,2019-10-08 04:30:16,2019-11-17 21:36:04,91,29
31,2019-01-04 22:44:00,2019-02-06 10:59:00,138,10
31,2019-02-06 10:59:00,2019-02-17 16:49:00,10,93
31,2019-02-17 16:49:00,2019-02-26 01:46:00,93,138
31,2019-02-26 01:46:00,2019-03-06 16:46:00,138,83
31,2019-03-06 16:46:00,2019-03-11 21:39:00,83,138
31,2019-03-11 21:39:00,2019-04-09 22:11:09,138,11
31,2019-04-09 22:11:09,2019-05-07 01:30:29,11,57
31,2019-05-07 01:30:29,2019-06-10 20:52:48,57,32
31,2019-06-10 20:52:48,2019-07-20 08:46:20,32,91
31,2019-07-20 08:46:20,2019-08-11 10:26:12,91,35
31,2019-08-11 10:26:12,2019-09-04 23:28:51,35,91
31,2019-09-04 23:28:51,2019-10-07 23:52:55,91,138
31,2019-10-07 23:52:55,2019-12-31 21:54:54,138,91
32,2019-01-19 00:56:00,2019-02-17 14:16:00,7,91
32,2019-02-17 14:16:00,2019-02-27 19:44:00,91,87
32,2019-02-27 19:44:00,2019-03-16 20:39:00,87,91
32,2019-03-16 20:39:00,2019-04-13 01:14:54,91,35
32,2019-04-13 01:14:54,2019-05-01 16:30:54,35,91
32,2019-05-01 16:30:54,2019-07-24 20:51:35,91,48
32,2019-07-24 20:51:35,2019-08-23 23:46:51,48,91
32,2019-08-23 23:46:51,2019-09-13 04:11:37,91,35
32,2019-09-13 04:11:37,2019-12-07 02:31:07,35,91
33,2019-01-08 13:05:00,2019-01-22 07:58:00,32,154
33,2019-01-22 07:58:00,2019-02-07 19:54:00,154,104
33,2019-02-07 19:54:00,2019-02-24 01:59:00,104,149
33,2019-02-24 01:59:00,2019-03-16 18:28:00,149,32
33,2019-03-16 18:28:00,2019-04-07 11:40:55,32,73
33,2019-04-07 11:40:55,2019-05-23 01:30:17,73,57
33,2019-05-23 01:30:17,2019-07-09 01:32:51,57,91
33,2019-07-09 01:32:51,2019-08-04 19:56:19,91,7
33,2019-08-04 19:56:19,2019-08-31 17:42:13,7,138
33,2019-08-31 17:42:13,2019-09-21 23:36:44,138,84
33,2019-09-21 23:36:44,2019-10-13 08:47:46,84,138
33,2019-10-13 08:47:46,2019-12-04 06:45:43,138,104
34,2019-03-02 01:53:00,2019-03-30 10:10:12,35,10
34,2019-03-30 10:10:12,2019-05-29 04:30:29,10,91
34,2019-05-29 04:30:29,2019-07-25 05:46:09,91,140
34,2019-07-25 05:46:09,2019-08-22 01:26:38,140,20
34,2019-08-22 01:26:38,2019-09-08 17:43:17,20,91
34,2019-09-08 17:43:17,2019-10-08 08:33:21,91,35
34,2019-10-08 08:33:21,2019-10-30 07:31:11,35,91
35,2019-01-09 21:57:00,2019-02-12 13:46:00,160,15
35,2019-02-12 13:46:00,2019-03-07 10:43:00,15,138
35,2019-03-07 10:43:00,2019-06-22 02:55:50,138,80
35,2019-06-22 02:55:50,2019-07-25 10:32:14,80,160
35,2019-07-25 10:32:14,2019-08-22 23:44:56,160,138
35,2019-08-22 23:44:56,2019-09-04 16:31:55,138,120
35,2019-09-04 16:31:55,2019-09-19 13:31:21,120,160
35,2019-09-19 13:31:21,2019-10-31 20:45:37,160,136
35,2019-10-31 20:45:37,2019-11-17 15:55:26,136,160
36,2019-02-20 16:50:00,2019-02-28 13:50:00,10,140
36,2019-02-28 13:50:00,2019-03-10 09:43:00,140,10
36,2019-03-10 09:43:00,2019-05-28 07:31:21,10,97
36,2019-05-28 07:31:21,2019-07-21 01:13:07,97,99
36,2019-07-21 01:13:07,2019-07-31 20:53:48,99,30
36,2019-07-31 20:53:48,2019-08-26 17:57:06,30,99
36,2019-08-26 17:57:06,2019-11-01 01:02:26,99,59
36,2019-11-01 01:02:26,2019-11-29 00:48:23,59,104
36,2019-11-29 00:48:23,2019-12-25 21:54:36,104,73
37,2019-01-14 16:24:00,2019-03-31 15:57:54,55,10
37,2019-03-31 15:57:54,2019-04-13 01:15:54,10,20
37,2019-04-13 01:15:54,2019-04-28 05:48:03,20,91
37,2019-04-28 05:48:03,2019-05-27 04:29:30,91,126
37,2019-05-27 04:29:30,2019-08-07 04:31:17,126,57
37,2019-08-07 04:31:17,2019-08-22 11:58:44,57,140
37,2019-08-22 11:58:44,2019-09-08 09:06:41,140,138
37,2019-09-08 09:06:41,2019-10-06 02:43:56,138,126
37,2019-10-06 02:43:56,2019-11-03 11:32:07,126,160
37,2019-11-03 11:32:07,2019-12-08 08:31:19,160,165
38,2019-02-03 13:47:00,2019-02-21 04:05:00,140,138
38,2019-02-21 04:05:00,2019-03-20 12:42:00,138,140
38,2019-03-20 12:42:00,2019-05-09 18:59:33,140,100
38,2019-05-09 18:59:33,2019-05-20 20:49:01,100,22
38,2019-05-20 20:49:01,2019-06-11 17:52:22,22,100
38,2019-06-11 17:52:22,2019-06-21 22:29:20,100,51
38,2019-06-21 22:29:20,2019-11-17 00:51:28,51,100
38,2019-11-17 00:51:28,2019-12-03 21:46:09,100,22
38,2019-12-03 21:46:09,2019-12-17 18:55:01,22,100
38,2019-12-17 18:55:01,2019-12-24 20:57:54,100,7
39,2019-01-01 05:59:00,2019-02-22 19:33:00,57,91
39,2019-02-22 19:33:00,2019-04-06 01:22:12,91,104
39,2019-04-06 01:22:12,2019-04-19 22:18:57,104,65
39,2019-04-19 22:18:57,2019-05-03 23:47:06,65,104
39,2019-05-03 23:47:06,2019-05-18 05:56:10,104,13
39,2019-05-18 05:56:10,2019-06-01 04:31:31,13,99
39,2019-06-01 04:31:31,2019-07-15 18:59:48,99,160
39,2019-07-15 18:59:48,2019-08-08 01:32:07,160,15
39,2019-08-08 01:32:07,2019-08-26 14:52:17,15,91
39,2019-08-26 14:52:17,2019-09-22 23:52:46,91,29
39,2019-09-22 23:52:46,2019-10-30 02:56:54,29,138
39,2019-10-30 02:56:54,2019-12-08 09:48:10,138,160
4,2019-01-25 13:59:00,2019-02-21 01:36:00,57,7
4,2019-02-21 01:36:00,2019-03-11 09:52:00,7,104
4,2019-03-11 09:52:00,2019-03-27 03:56:00,104,13
4,2019-03-27 03:56:00,2019-04-24 22:26:47,13,138
4,2019-04-24 22:26:47,2019-06-03 05:46:24,138,10
4,2019-06-03 05:46:24,2019-06-13 01:28:05,10,20
4,2019-06-13 01:28:05,2019-06-25 07:33:53,20,138
4,2019-06-25 07:33:53,2019-08-06 16:56:49,138,55
4,2019-08-06 16:56:49,2019-09-30 20:56:51,55,91
4,2019-09-30 20:56:51,2019-12-01 08:36:01,91,55
40,2019-02-02 10:00:00,2019-02-13 07:57:00,10,20
40,2019-02-13 07:57:00,2019-04-19 01:14:56,20,32
40,2019-04-19 01:14:56,2019-05-11 18:29:11,32,99
40,2019-05-11 18:29:11,2019-06-11 04:55:20,99,73
40,2019-06-11 04:55:20,2019-07-10 23:31:16,73,99
40,2019-07-10 23:31:16,2019-07-23 23:51:19,99,139
40,2019-07-23 23:51:19,2019-08-16 05:44:15,139,10
40,2019-08-16 05:44:15,2019-10-17 23:54:42,10,138
40,2019-10-17 23:54:42,2019-12-05 02:31:44,138,99
41,2019-02-10 01:58:00,2019-04-02 09:25:58,34,104
41,2019-04-02 09:25:58,2019-04-15 22:19:41,104,13
41,2019-04-15 22:19:41,2019-05-01 08:43:41,13,104
41,2019-05-01 08:43:41,2019-05-27 18:53:52,104,32
41,2019-05-27 18:53:52,2019-07-23 01:32:28,32,57
41,2019-07-23 01:32:28,2019-09-07 20:47:47,57,104
41,2019-09-07 20:47:47,2019-10-17 23:46:07,104,149
41,2019-10-17 23:46:07,2019-11-15 06:46:53,149,10
41,2019-11-15 06:46:53,2019-12-11 06:53:51,10,35
42,2019-01-27 01:51:00,2019-02-12 09:08:00,7,59
42,2019-02-12 09:08:00,2019-02-25 07:58:00,59,80
42,2019-02-25 07:58:00,2019-03-20 10:55:00,80,10
42,2019-03-20 10:55:00,2019-04-05 09:00:04,10,140
42,2019-04-05 09:00:04,2019-04-23 18:04:33,140,10
42,2019-04-23 18:04:33,2019-04-26 05:54:08,10,19
42,2019-04-26 05:54:08,2019-04-29 09:28:24,19,10
42,2019-04-29 09:28:24,2019-05-02 05:57:29,10,19
42,2019-05-02 05:57:29,2019-05-18 07:28:38,19,10
42,2019-05-18 07:28:38,2019-05-26 07:30:33,10,19
42,2019-05-26 07:30:33,2019-05-31 08:52:24,19,10
42,2019-05-31 08:52:24,2019-06-20 10:24:53,10,31
42,2019-06-20 10:24:53,2019-08-06 05:46:05,31,10
42,2019-08-06 05:46:05,2019-08-10 05:51:07,10,19
42,2019-08-10 05:51:07,2019-08-20 04:29:24,19,10
42,2019-08-20 04:29:24,2019-08-31 23:42:05,10,20
42,2019-08-31 23:42:05,2019-09-14 05:08:56,20,46
42,2019-09-14 05:08:56,2019-10-07 14:57:10,46,10
43,2019-02-24 17:42:00,2019-11-25 06:57:46,97,10
44,2019-01-05 04:29:00,2019-02-25 22:51:00,72,104
44,2019-02-25 22:51:00,2019-03-11 00:59:00,104,13
44,2019-03-11 00:59:00,2019-03-28 03:50:00,13,104
44,2019-03-28 03:50:00,2019-04-10 22:19:36,104,13
44,2019-04-10 22:19:36,2019-04-26 01:31:47,13,99
44,2019-04-26 01:31:47,2019-05-17 10:30:09,99,73
44,2019-05-17 10:30:09,2019-06-06 20:13:40,73,7
44,2019-06-06 20:13:40,2019-06-22 01:30:43,7,104
44,2019-06-22 01:30:43,2019-07-07 04:11:57,104,13
44,2019-07-07 04:11:57,2019-08-06 18:59:53,13,138
44,2019-08-06 18:59:53,2019-10-09 16:31:30,138,91
44,2019-10-09 16:31:30,2019-11-08 21:55:16,91,30
44,2019-11-08 21:55:16,2019-11-23 05:31:35,30,73
45,2019-02-06 11:28:00,2019-02-21 01:59:00,32,70
45,2019-02-21 01:59:00,2019-03-21 15:47:00,70,138
45,2019-03-21 15:47:00,2019-10-20 23:49:59,138,91
45,2019-10-20 23:49:59,2019-11-15 21:57:41,91,154
45,2019-11-15 21:57:41,2019-11-30 15:52:02,154,104
45,2019-11-30 15:52:02,2019-12-13 23:51:46,104,13
45,2019-12-13 23:51:46,2019-12-24 21:56:42,13,32
46,2019-01-10 21:07:00,2019-01-21 04:25:00,156,30
46,2019-01-21 04:25:00,2019-03-07 20:44:00,30,156
46,2019-03-07 20:44:00,2019-03-19 08:49:00,156,72
46,2019-03-19 08:49:00,2019-04-12 16:19:48,72,156
46,2019-04-12 16:19:48,2019-06-24 01:23:49,156,139
46,2019-06-24 01:23:49,2019-08-01 20:45:17,139,91
46,2019-08-01 20:45:17,2019-08-22 08:08:13,91,83
46,2019-08-22 08:08:13,2019-09-06 08:56:36,83,165
46,2019-09-06 08:56:36,2019-10-08 01:30:45,165,87
46,2019-10-08 01:30:45,2019-10-19 09:49:20,87,91
47,2019-01-01 01:58:00,2019-01-16 07:58:00,10,15
47,2019-01-16 07:58:00,2019-02-24 22:56:00,15,138
47,2019-02-24 22:56:00,2019-03-14 21:49:00,138,136
47,2019-03-14 21:49:00,2019-04-12 12:57:16,136,46
47,2019-04-12 12:57:16,2019-05-18 16:30:55,46,138
47,2019-05-18 16:30:55,2019-06-04 14:49:50,138,102
47,2019-06-04 14:49:50,2019-06-24 04:31:21,102,126
47,2019-06-24 04:31:21,2019-07-27 16:22:34,126,138
47,2019-07-27 16:22:34,2019-08-10 07:31:06,138,120
47,2019-08-10 07:31:06,2019-08-25 07:30:06,120,138
47,2019-08-25 07:30:06,2019-11-30 08:30:34,138,10
47,2019-11-30 08:30:34,2019-12-05 05:30:58,10,19
47,2019-12-05 05:30:58,2019-12-15 15:57:46,19,160
48,2019-03-30 19:17:30,2019-06-14 23:48:08,99,65
48,2019-06-14 23:48:08,2019-06-28 20:48:02,65,104
48,2019-06-28 20:48:02,2019-07-11 01:27:22,104,13
48,2019-07-11 01:27:22,2019-07-25 16:31:38,13,104
48,2019-07-25 16:31:38,2019-08-07 01:16:36,104,13
48,2019-08-07 01:16:36,2019-08-21 05:51:37,13,99
48,2019-08-21 05:51:37,2019-09-13 04:57:25,99,104
48,2019-09-13 04:57:25,2019-10-22 01:08:01,104,91
48,2019-10-22 01:08:01,2019-11-13 00:34:45,91,35
49,2019-03-06 13:56:00,2019-04-08 02:42:29,138,126
49,2019-04-08 02:42:29,2019-06-07 16:31:55,126,160
49,2019-06-07 16:31:55,2019-07-24 01:29:29,160,144
49,2019-07-24 01:29:29,2019-08-14 11:40:21,144,160
49,2019-08-14 11:40:21,2019-08-31 08:50:29,160,144
49,2019-08-31 08:50:29,2019-09-17 14:54:26,144,160
49,2019-09-17 14:54:26,2019-10-16 18:59:17,160,175
49,2019-10-16 18:59:17,2019-11-05 02:30:47,175,27
49,2019-11-05 02:30:47,2019-11-19 14:31:32,27,138
49,2019-11-19 14:31:32,2019-12-18 23:32:54,138,72
5,2019-01-17 04:46:00,2019-02-02 10:54:00,104,29
5,2019-02-02 10:54:00,2019-02-18 00:48:00,29,99
5,2019-02-18 00:48:00,2019-03-03 04:55:00,99,149
5,2019-03-03 04:55:00,2019-04-04 22:14:52,149,91
5,2019-04-04 22:14:52,2019-04-21 08:38:33,91,83
5,2019-04-21 08:38:33,2019-04-28 14:44:09,83,138
5,2019-04-28 14:44:09,2019-06-23 04:29:15,138,10
5,2019-06-23 04:29:15,2019-07-28 05:52:33,10,97
5,2019-07-28 05:52:33,2019-08-06 17:04:15,97,83
5,2019-08-06 17:04:15,2019-08-12 01:31:52,83,138
5,2019-08-12 01:31:52,2019-09-04 23:34:30,138,84
5,2019-09-04 23:34:30,2019-09-27 10:31:37,84,138
5,2019-09-27 10:31:37,2019-10-18 07:18:56,138,122
5,2019-10-18 07:18:56,2019-10-22 08:55:25,122,55
5,2019-10-22 08:55:25,2019-11-23 02:29:11,55,87
50,2019-02-19 08:41:00,2019-04-30 20:37:42,34,32
50,2019-04-30 20:37:42,2019-05-23 15:15:34,32,104
50,2019-05-23 15:15:34,2019-06-03 23:21:47,104,13
50,2019-06-03 23:21:47,2019-06-18 23:49:06,13,104
50,2019-06-18 23:49:06,2019-07-10 18:58:49,104,32
50,2019-07-10 18:58:49,2019-08-13 04:31:47,32,91
50,2019-08-13 04:31:47,2019-08-29 07:32:45,91,140
50,2019-08-29 07:32:45,2019-09-18 18:59:41,140,138
50,2019-09-18 18:59:41,2019-11-01 20:45:53,138,35
51,2019-01-15 17:02:00,2019-07-15 10:32:58,97,100
51,2019-07-15 10:32:58,2019-07-28 23:56:30,100,72
51,2019-07-28 23:56:30,2019-10-21 04:26:04,72,57
51,2019-10-21 04:26:04,2019-11-24 20:36:50,57,149
52,2019-01-11 07:20:00,2019-03-26 00:59:00,57,7
52,2019-03-26 00:59:00,2019-04-14 19:25:00,7,104
52,2019-04-14 19:25:00,2019-04-30 04:09:24,104,13
52,2019-04-30 04:09:24,2019-05-13 17:46:58,13,104
52,2019-05-13 17:46:58,2019-05-26 23:53:37,104,13
52,2019-05-26 23:53:37,2019-06-06 11:41:07,13,32
52,2019-06-06 11:41:07,2019-08-17 17:42:25,32,30
52,2019-08-17 17:42:25,2019-08-29 01:32:13,30,104
52,2019-08-29 01:32:13,2019-09-24 01:20:16,104,13
52,2019-09-24 01:20:16,2019-10-06 13:30:21,13,32
52,2019-10-06 13:30:21,2019-11-07 02:30:52,32,57
52,2019-11-07 02:30:52,2019-12-12 21:40:20,57,149
53,2019-01-08 07:52:00,2019-02-18 04:55:00,104,13
53,2019-02-18 04:55:00,2019-03-05 04:50:00,13,104
53,2019-03-05 04:50:00,2019-03-22 06:55:00,104,13
53,2019-03-22 06:55:00,2019-04-09 01:17:51,13,104
53,2019-04-09 01:17:51,2019-04-24 00:51:35,104,13
53,2019-04-24 00:51:35,2019-05-06 20:30:33,13,32
53,2019-05-06 20:30:33,2019-06-16 01:30:24,32,104
53,2019-06-16 01:30:24,2019-06-29 23:40:44,104,149
53,2019-06-29 23:40:44,2019-07-12 13:13:36,149,32
53,2019-07-12 13:13:36,2019-07-25 20:00:18,32,7
53,2019-07-25 20:00:18,2019-09-07 08:24:52,7,83
53,2019-09-07 08:24:52,2019-09-11 07:30:50,83,138
53,2019-09-11 07:30:50,2019-10-18 08:39:58,138,35
53,2019-10-18 08:39:58,2019-11-23 12:57:22,35,165
53,2019-11-23 12:57:22,2019-12-10 17:30:36,165,33
54,2019-02-02 04:54:00,2019-05-07 20:50:39,104,34
54,2019-05-07 20:50:39,2019-05-30 04:26:56,34,73
54,2019-05-30 04:26:56,2019-06-14 20:44:49,73,22
54,2019-06-14 20:44:49,2019-07-27 17:52:52,22,92
54,2019-07-27 17:52:52,2019-08-10 02:46:40,92,29
55,2019-02-02 10:48:00,2019-02-09 10:33:00,19,10
55,2019-02-09 10:33:00,2019-03-31 07:17:41,10,97
55,2019-03-31 07:17:41,2019-04-11 01:32:12,97,136
55,2019-04-11 01:32:12,2019-04-27 07:30:42,136,97
55,2019-04-27 07:30:42,2019-05-18 07:29:21,97,140
55,2019-05-18 07:29:21,2019-05-24 17:23:00,140,31
55,2019-05-24 17:23:00,2019-06-10 04:28:37,31,138
55,2019-06-10 04:28:37,2019-08-12 10:34:14,138,160
55,2019-08-12 10:34:14,2019-08-25 08:47:21,160,120
55,2019-08-25 08:47:21,2019-09-06 13:13:32,120,160
55,2019-09-06 13:13:32,2019-09-18 05:51:50,160,19
55,2019-09-18 05:51:50,2019-10-23 13:29:24,19,160
55,2019-10-23 13:29:24,2019-11-26 21:46:51,160,30
56,2019-01-01 02:59:00,2019-01-16 16:57:00,91,83
56,2019-01-16 16:57:00,2019-01-29 01:25:00,83,55
56,2019-01-29 01:25:00,2019-02-19 19:38:00,55,136
56,2019-02-19 19:38:00,2019-03-07 10:45:00,136,10
56,2019-03-07 10:45:00,2019-03-22 03:56:00,10,20
56,2019-03-22 03:56:00,2019-04-02 07:21:49,20,10
56,2019-04-02 07:21:49,2019-04-16 01:00:53,10,20
56,2019-04-16 01:00:53,2019-04-28 10:27:14,20,10
56,2019-04-28 10:27:14,2019-05-10 23:24:20,10,20
56,2019-05-10 23:24:20,2019-06-01 11:45:15,20,10
56,2019-06-01 11:45:15,2019-06-18 01:27:15,10,31
56,2019-06-18 01:27:15,2019-07-02 20:50:08,31,10
56,2019-07-02 20:50:08,2019-07-19 08:53:42,10,31
56,2019-07-19 08:53:42,2019-08-08 17:50:19,31,93
56,2019-08-08 17:50:19,2019-09-01 07:27:39,93,10
56,2019-09-01 07:27:39,2019-09-15 04:58:01,10,56
56,2019-09-15 04:58:01,2019-10-02 10:29:45,56,10
56,2019-10-02 10:29:45,2019-10-18 01:29:41,10,24
56,2019-10-18 01:29:41,2019-11-01 08:50:45,24,10
56,2019-11-01 08:50:45,2019-12-04 18:44:40,10,136
57,2019-01-24 10:59:00,2019-04-18 07:24:52,34,97
57,2019-04-18 07:24:52,2019-05-28 23:40:57,97,30
57,2019-05-28 23:40:57,2019-06-15 01:01:07,30,59
57,2019-06-15 01:01:07,2019-07-13 16:31:11,59,156
57,2019-07-13 16:31:11,2019-07-25 20:50:43,156,30
57,2019-07-25 20:50:43,2019-08-10 20:51:08,30,99
57,2019-08-10 20:51:08,2019-09-04 20:52:24,99,22
57,2019-09-04 20:52:24,2019-09-18 05:19:58,22,32
57,2019-09-18 05:19:58,2019-10-19 23:55:24,32,59
57,2019-10-19 23:55:24,2019-11-06 00:58:48,59,35
57,2019-11-06 00:58:48,2019-11-09 03:42:54,35,59
57,2019-11-09 03:42:54,2019-12-13 00:48:09,59,138
58,2019-04-05 12:00:43,2019-04-21 19:26:34,102,138
58,2019-04-21 19:26:34,2019-05-05 04:32:06,138,102
58,2019-05-05 04:32:06,2019-05-27 18:59:16,102,10
58,2019-05-27 18:59:16,2019-06-09 01:30:49,10,31
58,2019-06-09 01:30:49,2019-06-28 10:29:39,31,160
58,2019-06-28 10:29:39,2019-07-14 07:29:36,160,140
58,2019-07-14 07:29:36,2019-07-29 10:29:26,140,160
58,2019-07-29 10:29:26,2019-08-16 18:59:56,160,136
58,2019-08-16 18:59:56,2019-09-02 10:29:53,136,160
58,2019-09-02 10:29:53,2019-11-15 17:31:32,160,138
58,2019-11-15 17:31:32,2019-11-30 21:49:16,138,136
59,2019-04-06 13:22:07,2019-06-09 13:30:23,97,160
59,2019-06-09 13:30:23,2019-06-30 01:29:47,160,31
59,2019-06-30 01:29:47,2019-07-19 07:30:23,31,97
59,2019-07-19 07:30:23,2019-08-09 07:31:36,97,140
59,2019-08-09 07:31:36,2019-08-19 15:46:31,140,31
59,2019-08-19 15:46:31,2019-09-15 10:31:58,31,160
6,2019-01-09 01:40:00,2019-03-14 15:11:00,7,32
6,2019-03-14 15:11:00,2019-04-18 01:14:52,32,90
6,2019-04-18 01:14:52,2019-05-13 22:52:25,90,32
6,2019-05-13 22:52:25,2019-06-27 01:23:05,32,29
6,2019-06-27 01:23:05,2019-07-06 06:42:08,29,32
6,2019-07-06 06:42:08,2019-07-30 01:06:14,32,73
6,2019-07-30 01:06:14,2019-08-08 20:54:08,73,22
6,2019-08-08 20:54:08,2019-10-06 08:48:04,22,138
6,2019-10-06 08:48:04,2019-11-19 12:45:27,138,122
6,2019-11-19 12:45:27,2019-12-04 12:55:53,122,175
60,2019-02-01 06:45:00,2019-02-21 20:37:00,57,126
60,2019-02-21 20:37:00,2019-05-22 13:31:23,126,10
60,2019-05-22 13:31:23,2019-07-22 05:39:07,10,104
60,2019-07-22 05:39:07,2019-08-06 20:51:55,104,65
60,2019-08-06 20:51:55,2019-08-22 16:31:28,65,104
60,2019-08-22 16:31:28,2019-10-12 00:45:30,104,55
60,2019-10-12 00:45:30,2019-11-15 21:56:48,55,34
61,2019-01-13 22:53:00,2019-02-03 04:59:00,104,13
61,2019-02-03 04:59:00,2019-03-03 09:38:00,13,91
61,2019-03-03 09:38:00,2019-03-27 15:49:00,91,83
61,2019-03-27 15:49:00,2019-04-03 22:12:59,83,138
61,2019-04-03 22:12:59,2019-05-05 04:30:25,138,84
61,2019-05-05 04:30:25,2019-05-28 20:53:16,84,10
61,2019-05-28 20:53:16,2019-07-12 01:13:51,10,149
61,2019-07-12 01:13:51,2019-08-25 18:57:47,149,104
61,2019-08-25 18:57:47,2019-09-13 04:55:50,104,13
61,2019-09-13 04:55:50,2019-09-29 20:48:35,13,32
61,2019-09-29 20:48:35,2019-11-11 17:31:08,32,138
61,2019-11-11 17:31:08,2019-11-29 05:31:48,138,136
61,2019-11-29 05:31:48,2019-12-13 14:31:10,136,138
62,2019-01-14 10:13:00,2019-01-27 07:59:00,80,154
62,2019-01-27 07:59:00,2019-03-03 21:34:00,154,156
62,2019-03-03 21:34:00,2019-03-15 00:49:00,156,7
62,2019-03-15 00:49:00,2019-05-01 10:31:08,7,160
62,2019-05-01 10:31:08,2019-05-02 14:56:15,160,138
62,2019-05-02 14:56:15,2019-05-29 20:42:34,138,34
62,2019-05-29 20:42:34,2019-07-17 18:59:41,34,136
62,2019-07-17 18:59:41,2019-09-15 18:59:47,136,33
62,2019-09-15 18:59:47,2019-10-05 07:48:19,33,153
62,2019-10-05 07:48:19,2019-10-28 17:58:39,153,33
62,2019-10-28 17:58:39,2019-11-15 11:31:30,33,102
62,2019-11-15 11:31:30,2019-11-18 02:30:55,102,153
63,2019-01-19 04:44:00,2019-02-22 21:19:00,104,156
63,2019-02-22 21:19:00,2019-05-07 04:36:11,156,97
63,2019-05-07 04:36:11,2019-05-16 23:42:38,97,20
63,2019-05-16 23:42:38,2019-06-03 08:49:47,20,138
63,2019-06-03 08:49:47,2019-06-16 09:10:13,138,120
63,2019-06-16 09:10:13,2019-06-30 20:42:50,120,138
63,2019-06-30 20:42:50,2019-07-13 23:57:15,138,170
63,2019-07-13 23:57:15,2019-08-03 08:47:39,170,160
63,2019-08-03 08:47:39,2019-10-20 13:30:56,160,16
63,2019-10-20 13:30:56,2019-11-02 10:30:47,16,97
63,2019-11-02 10:30:47,2019-11-16 17:31:56,97,16
63,2019-11-16 17:31:56,2019-11-27 06:57:38,16,97
63,2019-11-27 06:57:38,2019-12-10 11:32:22,97,15
64,2019-05-19 17:42:30,2019-07-22 20:45:50,108,32
64,2019-07-22 20:45:50,2019-08-25 17:43:01,32,100
64,2019-08-25 17:43:01,2019-09-04 20:54:42,100,30
64,2019-09-04 20:54:42,2019-10-10 10:33:22,30,175
64,2019-10-10 10:33:22,2019-11-10 21:54:35,175,30
64,2019-11-10 21:54:35,2019-12-25 21:51:52,30,70
65,2019-02-08 01:46:00,2019-05-12 16:30:35,138,156
65,2019-05-12 16:30:35,2019-05-24 20:49:17,156,22
65,2019-05-24 20:49:17,2019-07-31 02:55:32,22,138
65,2019-07-31 02:55:32,2019-08-15 00:59:13,138,20
65,2019-08-15 00:59:13,2019-08-28 10:29:07,20,160
65,2019-08-28 10:29:07,2019-09-15 04:57:01,160,144
65,2019-09-15 04:57:01,2019-09-17 10:27:30,144,95
65,2019-09-17 10:27:30,2019-10-07 07:30:20,95,138
65,2019-10-07 07:30:20,2019-12-01 14:30:07,138,160
66,2019-07-24 20:52:12,2019-09-07 09:07:54,65,32
66,2019-09-07 09:07:54,2019-10-08 07:31:52,32,104
66,2019-10-08 07:31:52,2019-10-19 20:52:23,104,65
66,2019-10-19 20:52:23,2019-10-30 04:30:41,65,32
67,2019-02-03 01:59:00,2019-02-21 15:34:00,70,32
67,2019-02-21 15:34:00,2019-03-20 15:45:00,32,104
67,2019-03-20 15:45:00,2019-04-03 22:14:01,104,13
67,2019-04-03 22:14:01,2019-04-20 01:21:08,13,104
67,2019-04-20 01:21:08,2019-05-03 23:43:28,104,13
67,2019-05-03 23:43:28,2019-05-16 09:27:26,13,32
67,2019-05-16 09:27:26,2019-06-08 21:37:49,32,99
67,2019-06-08 21:37:49,2019-06-23 18:56:12,99,40
67,2019-06-23 18:56:12,2019-07-07 00:31:07,40,99
67,2019-07-07 00:31:07,2019-07-15 01:47:00,99,154
67,2019-07-15 01:47:00,2019-07-24 09:17:44,154,32
67,2019-07-24 09:17:44,2019-10-20 16:31:33,32,104
67,2019-10-20 16:31:33,2019-11-21 14:32:10,104,32
67,2019-11-21 14:32:10,2019-12-06 21:44:21,32,70
68,2019-01-07 07:57:00,2019-02-27 16:57:00,104,149
68,2019-02-27 16:57:00,2019-03-14 09:45:00,149,104
68,2019-03-14 09:45:00,2019-11-02 02:53:33,104,90
68,2019-11-02 02:53:33,2019-11-08 20:18:56,90,34
68,2019-11-08 20:18:56,2019-11-25 08:30:31,34,104
68,2019-11-25 08:30:31,2019-12-09 21:46:32,104,13
69,2019-01-05 04:47:00,2019-08-09 18:59:37,14,104
69,2019-08-09 18:59:37,2019-08-22 20:16:29,104,14
69,2019-08-22 20:16:29,2019-12-13 02:31:29,14,104
7,2019-01-15 07:55:00,2019-01-28 07:46:00,20,91
7,2019-01-28 07:46:00,2019-02-16 16:58:00,91,83
7,2019-02-16 16:58:00,2019-02-24 07:40:00,83,138
7,2019-02-24 07:40:00,2019-03-03 14:44:00,138,19
7,2019-03-03 14:44:00,2019-03-08 16:54:00,19,10
7,2019-03-08 16:54:00,2019-05-25 01:31:08,10,87
7,2019-05-25 01:31:08,2019-06-19 23:48:27,87,95
7,2019-06-19 23:48:27,2019-07-21 01:30:49,95,10
7,2019-07-21 01:30:49,2019-08-02 23:36:31,10,20
7,2019-08-02 23:36:31,2019-08-14 05:53:06,20,10
7,2019-08-14 05:53:06,2019-08-24 23:50:43,10,95
7,2019-08-24 23:50:43,2019-09-09 16:30:18,95,91
7,2019-09-09 16:30:18,2019-11-26 09:45:02,91,120
70,2019-01-10 21:57:00,2019-02-19 04:55:00,104,14
70,2019-02-19 04:55:00,2019-04-03 01:25:16,14,104
70,2019-04-03 01:25:16,2019-07-11 18:15:09,104,14
71,2019-02-07 01:59:00,2019-06-08 16:29:46,34,104
71,2019-06-08 16:29:46,2019-06-25 01:25:02,104,13
71,2019-06-25 01:25:02,2019-07-08 02:32:55,13,32
71,2019-07-08 02:32:55,2019-07-31 23:53:35,32,104
71,2019-07-31 23:53:35,2019-08-20 01:24:32,104,13
71,2019-08-20 01:24:32,2019-09-01 13:31:14,13,104
71,2019-09-01 13:31:14,2019-10-05 07:56:01,104,32
71,2019-10-05 07:56:01,2019-10-21 20:57:04,32,70
71,2019-10-21 20:57:04,2019-11-03 05:31:54,70,104
71,2019-11-03 05:31:54,2019-11-21 18:51:07,104,70
71,2019-11-21 18:51:07,2019-12-13 00:47:08,70,104
72,2019-01-18 01:59:00,2019-05-15 20:55:51,14,104
72,2019-05-15 20:55:51,2019-05-27 23:54:11,104,14
72,2019-05-27 23:54:11,2019-08-01 11:54:22,14,104
72,2019-08-01 11:54:22,2019-08-14 05:51:12,104,14
72,2019-08-14 05:51:12,2019-08-24 17:42:45,14,104
72,2019-08-24 17:42:45,2019-09-05 05:50:34,104,14
72,2019-09-05 05:50:34,2019-09-20 05:55:40,14,104
72,2019-09-20 05:55:40,2019-09-30 01:30:43,104,14
72,2019-09-30 01:30:43,2019-11-08 08:31:35,14,104
72,2019-11-08 08:31:35,2019-12-17 03:45:07,104,14
73,2019-03-10 04:46:00,2019-04-01 16:00:07,100,156
73,2019-04-01 16:00:07,2019-04-14 00:39:57,156,14
73,2019-04-14 00:39:57,2019-05-03 16:18:29,14,156
73,2019-05-03 16:18:29,2019-05-14 18:59:41,156,7
73,2019-05-14 18:59:41,2019-08-10 17:59:58,7,92
73,2019-08-10 17:59:58,2019-09-05 18:57:50,92,100
73,2019-09-05 18:57:50,2019-10-05 08:05:40,100,104
73,2019-10-05 08:05:40,2019-11-11 02:30:33,104,138
73,2019-11-11 02:30:33,2019-11-26 02:30:03,138,27
73,2019-11-26 02:30:03,2019-12-16 02:29:16,27,138
74,2019-02-01 13:49:00,2019-02-15 13:09:00,120,55
74,2019-02-15 13:09:00,2019-04-05 17:38:25,55,32
74,2019-04-05 17:38:25,2019-08-03 23:53:18,32,104
74,2019-08-03 23:53:18,2019-08-16 23:51:00,104,13
74,2019-08-16 23:51:00,2019-09-02 08:39:49,13,32
74,2019-09-02 08:39:49,2019-09-13 20:48:38,32,22
74,2019-09-13 20:48:38,2019-09-28 10:31:25,22,104
74,2019-09-28 10:31:25,2019-10-19 02:40:29,104,13
74,2019-10-19 02:40:29,2019-11-18 19:50:41,13,55
74,2019-11-18 19:50:41,2019-12-15 18:58:01,55,40
75,2019-06-16 23:28:23,2019-10-15 18:59:19,72,7
75,2019-10-15 18:59:19,2019-11-05 21:57:22,7,104
75,2019-11-05 21:57:22,2019-11-20 21:08:39,104,149
75,2019-11-20 21:08:39,2019-12-06 18:55:24,149,104
75,2019-12-06 18:55:24,2019-12-18 20:55:52,104,149
76,2019-01-09 04:59:00,2019-01-26 10:54:00,13,104
76,2019-01-26 10:54:00,2019-02-20 01:28:00,104,73
76,2019-02-20 01:28:00,2019-03-18 07:55:00,73,7
76,2019-03-18 07:55:00,2019-03-28 07:40:00,7,32
76,2019-03-28 07:40:00,2019-04-23 01:31:44,32,104
76,2019-04-23 01:31:44,2019-05-29 23:46:33,104,149
76,2019-05-29 23:46:33,2019-07-06 00:15:00,149,59
76,2019-07-06 00:15:00,2019-11-22 03:57:53,59,100
76,2019-11-22 03:57:53,2019-12-06 21:40:25,100,139
77,2019-01-12 07:47:00,2019-06-27 18:59:01,14,104
77,2019-06-27 18:59:01,2019-09-01 20:46:55,104,14
77,2019-09-01 20:46:55,2019-11-05 18:59:49,14,104
77,2019-11-05 18:59:49,2019-11-18 21:49:02,104,14
77,2019-11-18 21:49:02,2019-12-01 14:30:37,14,104
77,2019-12-01 14:30:37,2019-12-13 00:45:12,104,14
78,2019-01-18 04:51:00,2019-02-01 13:55:00,149,104
78,2019-02-01 13:55:00,2019-03-13 13:09:00,104,55
78,2019-03-13 13:09:00,2019-06-21 22:55:10,55,154
78,2019-06-21 22:55:10,2019-07-17 11:47:29,154,104
78,2019-07-17 11:47:29,2019-07-30 23:52:11,104,13
78,2019-07-30 23:52:11,2019-08-12 23:52:39,13,104
78,2019-08-12 23:52:39,2019-09-16 10:04:12,104,32
78,2019-09-16 10:04:12,2019-10-15 18:59:21,32,73
79,2019-01-02 01:44:00,2019-01-15 04:43:00,104,13
79,2019-01-15 04:43:00,2019-01-27 22:40:00,13,104
79,2019-01-27 22:40:00,2019-03-16 15:54:00,104,13
79,2019-03-16 15:54:00,2019-03-30 19:16:39,13,32
79,2019-03-30 19:16:39,2019-04-28 23:44:44,32,99
79,2019-04-28 23:44:44,2019-05-30 20:35:45,99,104
79,2019-05-30 20:35:45,2019-06-11 01:25:10,104,13
79,2019-06-11 01:25:10,2019-06-25 04:31:31,13,104
79,2019-06-25 04:31:31,2019-07-16 02:46:02,104,99
79,2019-07-16 02:46:02,2019-08-04 21:44:24,99,149
79,2019-08-04 21:44:24,2019-08-19 13:31:15,149,104
79,2019-08-19 13:31:15,2019-09-08 02:54:13,104,13
8,2019-02-06 19:59:00,2019-02-17 22:04:00,93,138
8,2019-02-17 22:04:00,2019-04-27 20:51:26,138,32
8,2019-04-27 20:51:26,2019-05-07 22:52:44,32,154
8,2019-05-07 22:52:44,2019-05-18 02:43:42,154,157
8,2019-05-18 02:43:42,2019-06-19 20:46:35,157,91
8,2019-06-19 20:46:35,2019-07-11 06:28:58,91,126
8,2019-07-11 06:28:58,2019-08-01 02:42:09,126,57
8,2019-08-01 02:42:09,2019-08-19 00:38:44,57,35
8,2019-08-19 00:38:44,2019-09-12 03:10:04,35,57
8,2019-09-12 03:10:04,2019-10-16 10:07:02,57,120
8,2019-10-16 10:07:02,2019-10-28 23:51:41,120,138
8,2019-10-28 23:51:41,2019-12-14 11:28:45,138,100
81,2019-01-04 10:59:00,2019-01-14 12:59:00,10,93
81,2019-01-14 12:59:00,2019-01-27 09:46:00,93,138
81,2019-01-27 09:46:00,2019-02-04 16:57:00,138,83
81,2019-02-04 16:57:00,2019-02-13 01:55:00,83,138
81,2019-02-13 01:55:00,2019-03-26 06:39:00,138,32
81,2019-03-26 06:39:00,2019-05-04 10:30:12,32,104
81,2019-05-04 10:30:12,2019-05-19 22:02:15,104,149
81,2019-05-19 22:02:15,2019-06-06 13:31:12,149,104
81,2019-06-06 13:31:12,2019-06-19 23:46:11,104,149
81,2019-06-19 23:46:11,2019-07-05 09:55:14,149,104
81,2019-07-05 09:55:14,2019-07-18 01:28:16,104,149
81,2019-07-18 01:28:16,2019-09-14 20:50:46,149,32
81,2019-09-14 20:50:46,2019-10-11 10:31:13,32,104
81,2019-10-11 10:31:13,2019-10-24 23:38:09,104,149
81,2019-10-24 23:38:09,2019-11-21 14:31:43,149,10
82,2019-01-07 04:41:00,2019-02-25 07:51:00,99,70
82,2019-02-25 07:51:00,2019-03-29 12:52:48,70,138
82,2019-03-29 12:52:48,2019-04-12 07:16:50,138,122
82,2019-04-12 07:16:50,2019-05-03 20:44:36,122,138
82,2019-05-03 20:44:36,2019-05-28 23:41:56,138,84
82,2019-05-28 23:41:56,2019-06-12 04:08:56,84,27
82,2019-06-12 04:08:56,2019-07-03 09:43:41,27,138
82,2019-07-03 09:43:41,2019-08-25 11:10:14,138,99
82,2019-08-25 11:10:14,2019-09-22 07:31:12,99,104
82,2019-09-22 07:31:12,2019-10-23 23:45:52,104,99
82,2019-10-23 23:45:52,2019-12-02 21:49:16,99,138
83,2019-01-05 01:58:00,2019-01-15 21:55:00,51,100
83,2019-01-15 21:55:00,2019-01-29 01:43:00,100,51
83,2019-01-29 01:43:00,2019-02-28 04:51:00,51,65
83,2019-02-28 04:51:00,2019-03-14 23:50:00,65,156
83,2019-03-14 23:50:00,2019-03-29 22:24:37,156,51
83,2019-03-29 22:24:37,2019-04-16 22:22:42,51,73
83,2019-04-16 22:22:42,2019-04-27 20:51:11,73,30
83,2019-04-27 20:51:11,2019-05-09 14:43:17,30,90
83,2019-05-09 14:43:17,2019-06-03 20:53:31,90,22
83,2019-06-03 20:53:31,2019-06-18 04:23:53,22,73
83,2019-06-18 04:23:53,2019-07-04 20:35:31,73,22
83,2019-07-04 20:35:31,2019-07-16 12:29:04,22,104
83,2019-07-16 12:29:04,2019-08-03 01:30:23,104,13
83,2019-08-03 01:30:23,2019-08-15 23:49:59,13,104
83,2019-08-15 23:49:59,2019-09-11 04:57:47,104,13
83,2019-09-11 04:57:47,2019-10-26 10:29:03,13,104
83,2019-10-26 10:29:03,2019-11-19 03:55:13,104,13
84,2019-01-29 04:50:00,2019-04-07 04:14:52,100,90
84,2019-04-07 04:14:52,2019-04-28 18:59:50,90,7
84,2019-04-28 18:59:50,2019-05-11 00:36:22,7,90
84,2019-05-11 00:36:22,2019-05-28 18:59:54,90,7
84,2019-05-28 18:59:54,2019-06-03 02:57:00,7,90
84,2019-06-03 02:57:00,2019-06-13 19:47:01,90,7
84,2019-06-13 19:47:01,2019-06-24 07:30:47,7,104
84,2019-06-24 07:30:47,2019-08-11 18:57:18,104,100
84,2019-08-11 18:57:18,2019-09-04 17:49:42,100,104
84,2019-09-04 17:49:42,2019-09-30 23:45:32,104,100
84,2019-09-30 23:45:32,2019-10-13 18:50:23,100,40
84,2019-10-13 18:50:23,2019-10-27 23:50:24,40,100
84,2019-10-27 23:50:24,2019-12-06 20:53:37,100,7
85,2019-07-15 23:53:27,2019-09-15 14:58:32,72,104
85,2019-09-15 14:58:32,2019-10-31 01:24:19,104,13
85,2019-10-31 01:24:19,2019-11-12 11:31:10,13,104
85,2019-11-12 11:31:10,2019-11-30 02:24:40,104,13
85,2019-11-30 02:24:40,2019-12-31 20:08:29,13,138
86,2019-01-11 07:46:00,2019-01-25 07:59:00,104,13
86,2019-01-25 07:59:00,2019-03-09 04:50:00,13,72
86,2019-03-09 04:50:00,2019-03-16 06:32:00,72,90
86,2019-03-16 06:32:00,2019-04-07 23:49:53,90,7
86,2019-04-07 23:49:53,2019-04-23 19:20:11,7,90
86,2019-04-23 19:20:11,2019-06-13 20:54:35,90,30
86,2019-06-13 20:54:35,2019-08-09 02:46:52,30,90
86,2019-08-09 02:46:52,2019-09-23 20:07:30,90,7
86,2019-09-23 20:07:30,2019-10-05 11:56:25,7,104
86,2019-10-05 11:56:25,2019-10-31 20:45:53,104,90
86,2019-10-31 20:45:53,2019-11-18 20:39:21,90,70
86,2019-11-18 20:39:21,2019-12-05 00:51:31,70,90
87,2019-01-08 04:54:00,2019-01-24 22:43:00,149,100
87,2019-01-24 22:43:00,2019-02-04 04:58:00,100,139
87,2019-02-04 04:58:00,2019-03-02 07:59:00,139,14
87,2019-03-02 07:59:00,2019-08-04 01:30:47,14,104
87,2019-08-04 01:30:47,2019-08-15 23:49:02,104,14
87,2019-08-15 23:49:02,2019-08-27 23:41:33,14,104
87,2019-08-27 23:41:33,2019-09-08 20:51:20,104,14
88,2019-04-18 13:31:31,2019-05-01 02:34:03,104,14
88,2019-05-01 02:34:03,2019-07-03 23:47:18,14,104
88,2019-07-03 23:47:18,2019-07-16 23:15:42,104,14
89,2019-04-30 20:56:18,2019-10-08 20:49:53,104,14
89,2019-10-08 20:49:53,2019-12-10 09:56:22,14,104
9,2019-01-23 04:58:00,2019-02-20 00:27:00,51,7
9,2019-02-20 00:27:00,2019-04-21 01:31:23,7,57
9,2019-04-21 01:31:23,2019-05-09 01:30:42,57,15
9,2019-05-09 01:30:42,2019-07-04 08:43:44,15,120
9,2019-07-04 08:43:44,2019-07-24 10:30:27,120,10
9,2019-07-24 10:30:27,2019-08-17 23:33:18,10,84
9,2019-08-17 23:33:18,2019-09-09 20:54:46,84,138
9,2019-09-09 20:54:46,2019-11-16 08:30:35,138,120
9,2019-11-16 08:30:35,2019-11-30 21:49:47,120,138
90,2019-01-01 01:58:00,2019-01-29 05:42:00,104,59
90,2019-01-29 05:42:00,2019-02-22 16:05:00,59,90
90,2019-02-22 16:05:00,2019-03-16 00:48:00,90,104
90,2019-03-16 00:48:00,2019-07-20 23:21:51,104,72
90,2019-07-20 23:21:51,2019-08-05 02:55:36,72,104
90,2019-08-05 02:55:36,2019-08-17 23:47:29,104,72
90,2019-08-17 23:47:29,2019-09-02 01:29:00,72,104
90,2019-09-02 01:29:00,2019-11-10 23:14:49,104,72
90,2019-11-10 23:14:49,2019-11-23 08:28:45,72,104
91,2019-03-06 04:55:00,2019-09-22 11:58:34,100,175
91,2019-09-22 11:58:34,2019-11-08 21:54:57,175,104
91,2019-11-08 21:54:57,2019-11-25 22:25:48,104,13
91,2019-11-25 22:25:48,2019-12-10 11:30:42,13,104
92,2019-02-27 01:58:00,2019-03-13 10:07:00,34,69
92,2019-03-13 10:07:00,2019-04-01 22:23:41,69,34
92,2019-04-01 22:23:41,2019-04-25 19:51:21,34,69
92,2019-04-25 19:51:21,2019-06-25 01:29:35,69,34
92,2019-06-25 01:29:35,2019-07-05 17:39:47,34,69
92,2019-07-05 17:39:47,2019-08-24 20:42:15,69,34
92,2019-08-24 20:42:15,2019-08-31 16:37:09,34,69
92,2019-08-31 16:37:09,2019-09-27 20:43:37,69,22
92,2019-09-27 20:43:37,2019-10-12 02:13:43,22,69
92,2019-10-12 02:13:43,2019-11-23 21:47:20,69,104
93,2019-01-23 01:59:00,2019-01-31 22:42:00,10,138
93,2019-01-31 22:42:00,2019-02-14 10:42:00,138,122
93,2019-02-14 10:42:00,2019-02-28 13:58:00,122,10
93,2019-02-28 13:58:00,2019-03-11 18:18:00,10,6
93,2019-03-11 18:18:00,2019-03-22 12:58:00,6,10
93,2019-03-22 12:58:00,2019-04-01 04:18:30,10,20
93,2019-04-01 04:18:30,2019-04-30 10:29:56,20,6
93,2019-04-30 10:29:56,2019-05-20 07:29:54,6,10
93,2019-05-20 07:29:54,2019-07-09 16:28:29,10,6
93,2019-07-09 16:28:29,2019-09-12 08:46:45,6,138
93,2019-09-12 08:46:45,2019-09-30 01:31:24,138,144
93,2019-09-30 01:31:24,2019-10-05 08:03:12,144,153
93,2019-10-05 08:03:12,2019-10-31 07:29:55,153,10
93,2019-10-31 07:29:55,2019-11-21 17:15:38,10,6
93,2019-11-21 17:15:38,2019-11-28 15:52:49,6,138
94,2019-01-18 01:07:00,2019-02-28 07:44:00,99,73
94,2019-02-28 07:44:00,2019-05-10 03:55:13,73,99
94,2019-05-10 03:55:13,2019-08-17 17:42:21,99,100
94,2019-08-17 17:42:21,2019-10-02 20:49:34,100,65
94,2019-10-02 20:49:34,2019-10-13 20:21:10,65,99
94,2019-10-13 20:21:10,2019-10-21 23:41:27,99,154
94,2019-10-21 23:41:27,2019-11-05 21:55:13,154,99
94,2019-11-05 21:55:13,2019-11-22 21:51:37,99,22
94,2019-11-22 21:51:37,2019-12-09 02:31:20,22,99
94,2019-12-09 02:31:20,2019-12-25 19:53:09,99,39
95,2019-02-19 00:36:00,2019-04-16 01:24:00,32,80
95,2019-04-16 01:24:00,2019-05-03 18:35:53,80,32
96,2019-01-19 23:48:00,2019-03-29 03:58:00,73,30
96,2019-03-29 03:58:00,2019-04-09 05:16:03,30,32
96,2019-04-09 05:16:03,2019-04-25 23:45:04,32,80
96,2019-04-25 23:45:04,2019-05-11 01:17:07,80,32
96,2019-05-11 01:17:07,2019-06-02 05:42:40,32,73
96,2019-06-02 05:42:40,2019-07-01 17:54:56,73,32
96,2019-07-01 17:54:56,2019-07-27 05:41:25,32,73
96,2019-07-27 05:41:25,2019-08-24 17:42:15,73,32
96,2019-08-24 17:42:15,2019-09-20 04:18:56,32,73
96,2019-09-20 04:18:56,2019-11-08 05:31:22,73,32
96,2019-11-08 05:31:22,2019-12-19 21:49:52,32,73
97,2019-01-11 23:06:00,2019-01-19 01:57:00,169,65
97,2019-01-19 01:57:00,2019-01-28 22:48:00,65,156
97,2019-01-28 22:48:00,2019-02-09 04:57:00,156,65
97,2019-02-09 04:57:00,2019-02-18 21:49:00,65,156
97,2019-02-18 21:49:00,2019-04-05 14:39:27,156,73
97,2019-04-05 14:39:27,2019-04-18 01:09:26,73,65
97,2019-04-18 01:09:26,2019-04-30 03:03:30,65,169
97,2019-04-30 03:03:30,2019-05-06 23:52:04,169,51
97,2019-05-06 23:52:04,2019-05-25 22:31:51,51,59
97,2019-05-25 22:31:51,2019-06-10 01:21:37,59,30
97,2019-06-10 01:21:37,2019-06-23 04:15:50,30,73
97,2019-06-23 04:15:50,2019-07-05 23:45:29,73,51
97,2019-07-05 23:45:29,2019-07-18 10:16:01,51,73
97,2019-07-18 10:16:01,2019-07-28 20:51:02,73,22
97,2019-07-28 20:51:02,2019-08-11 05:08:49,22,73
97,2019-08-11 05:08:49,2019-08-22 23:44:30,73,51
97,2019-08-22 23:44:30,2019-10-16 23:53:46,51,73
97,2019-10-16 23:53:46,2019-10-30 20:55:02,73,139
97,2019-10-30 20:55:02,2019-11-13 05:30:24,139,100
97,2019-11-13 05:30:24,2019-12-05 00:52:59,100,154
97,2019-12-05 00:52:59,2019-12-14 21:24:47,154,73
98,2019-01-19 01:57:00,2019-01-30 04:44:00,48,73
98,2019-01-30 04:44:00,2019-03-04 10:48:00,73,99
98,2019-03-04 10:48:00,2019-04-24 22:24:09,99,30
98,2019-04-24 22:24:09,2019-05-07 21:41:06,30,73
98,2019-05-07 21:41:06,2019-06-16 18:48:44,73,11
98,2019-06-16 18:48:44,2019-07-02 04:30:37,11,73
98,2019-07-02 04:30:37,2019-07-30 17:44:50,73,99
98,2019-07-30 17:44:50,2019-08-12 20:53:50,99,149
98,2019-08-12 20:53:50,2019-08-25 05:38:20,149,73
98,2019-08-25 05:38:20,2019-11-04 02:30:56,73,39
98,2019-11-04 02:30:56,2019-11-15 21:56:10,39,73
98,2019-11-15 21:56:10,2019-11-28 19:58:43,73,7
99,2019-03-31 23:20:02,2019-07-19 14:26:29,72,73
99,2019-07-19 14:26:29,2019-08-03 23:53:14,73,30
99,2019-08-03 23:53:14,2019-08-16 02:54:55,30,73
99,2019-08-16 02:54:55,2019-08-25 20:45:38,73,51
99,2019-08-25 20:45:38,2019-09-18 20:56:57,51,65
99,2019-09-18 20:56:57,2019-10-15 23:53:56,65,30
99,2019-10-15 23:53:56,2019-11-14 00:59:42,30,65
